DISTRICT,NAME OF THE HOSPITAL,REGULAR BEDS TOTAL,REGULAR BEDS OCCUPIED,REGULAR BEDS VACANT,OXYGEN BEDS TOTAL,OXYGEN BEDS OCCUPIED,OXYGEN BEDS VACANT,ICU BEDS (Ventilator/ CPAP) TOTAL,ICU BEDS (Ventilator/ CPAP) OCCUPIED,ICU BEDS (Ventilator/ CPAP) VACANT,TOTAL BEDS TOTAL,TOTAL BEDS OCCUPIED,TOTAL BEDS VACANT,TYPE,CONTACT NO,LAST UPDATED
Adilabad,A.D.B. HOSPITALS,11,1,10,5,5,0,3,3,0,19,9,10,Private,8555098068,2021-05-09 12:09:08
Adilabad,ADILABAD NEURO SUPER SPECIALITY HOSPITAL,7,0,7,3,0,3,0,0,0,10,0,10,Private,9505262365,2021-04-29 09:21:43
Adilabad,ADITHYA GENERAL HOSPITAL,10,5,5,5,4,1,5,5,0,20,14,6,Private,9908719345,2021-04-28 17:50:37
Adilabad,AGARWAL HOSPITAL,18,0,18,2,0,2,0,0,0,20,0,20,Private,9505579000,2021-04-28 11:58:25
Adilabad,AKHIL ORTHOPEDIC HOSPITAL,8,0,8,2,0,2,0,0,0,10,0,10,Private,9440612031,2021-05-09 15:12:44
Adilabad,AMMA HOSPITAL,7,3,4,3,0,3,5,0,5,15,3,12,Private,9908943787,2021-04-30 13:39:27
Adilabad,AYYAPPA ORTHOPEDIC AND CHILDRENDS HOSPITAL HOSPITAL,18,0,18,2,0,2,0,0,0,20,0,20,Private,9440441394,2021-05-07 09:59:39
Adilabad,BALAJI HOSPITAL,6,0,6,0,0,0,0,0,0,6,0,6,Private,9177981213,2021-05-08 12:33:00
Adilabad,"CHROME HOSPITAL, ADILABAD",7,0,7,10,0,10,7,0,7,24,0,24,Private,7382492683,2021-04-28 11:22:44
Adilabad,DR.SUNDARAIAH HOSPITAL NEW HOPE LAPROSCOY CENTRE,8,0,8,2,0,2,0,0,0,10,0,10,Private,8686055077,2021-05-09 09:54:43
Adilabad,ELIGHT HOSPITAL,7,1,6,3,0,3,0,0,0,10,1,9,Private,9866110729,2021-04-28 18:09:28
Adilabad,HOLLY TRINITY HOSPITAL,13,0,13,0,0,0,0,0,0,13,0,13,Private,9603122757,2021-05-07 15:13:00
Adilabad,"HYDERABAD EYE CENTRE, UNIT SESHANNA CHENNAWAR EYE CENTRE",22,0,22,3,0,3,0,0,0,25,0,25,Private,7093824299,2021-04-27 20:13:20
Adilabad,JANANI MATERNITY HOSPITAL AND DIAGNOSTICS,7,0,7,3,0,3,0,0,0,10,0,10,Private,8341110011,2021-05-09 14:34:23
Adilabad,JEEVAN JYOTHI HOSPITAL,13,0,13,5,0,5,0,0,0,18,0,18,Private,9490226020,2021-04-28 13:36:49
Adilabad,KARTHIKEYA HOSPITAL,8,0,8,2,0,2,0,0,0,10,0,10,Private,9701502901,2021-04-28 15:50:22
Adilabad,MADHAVA HOSPITAL,8,0,8,2,0,2,0,0,0,10,0,10,Private,9440035441,2021-05-09 12:38:52
Adilabad,MAMATHA HOSPITAL,18,0,18,2,0,2,0,0,0,20,0,20,Private,9440422418,2021-04-27 11:11:10
Adilabad,NAKSHATRA HOSPITAL,8,8,0,0,0,0,6,6,0,14,14,0,Private,8884170980,2021-04-28 16:17:47
Adilabad,PRAGATHI HOSPITAL,7,1,6,3,0,3,3,0,3,13,1,12,Private,9908943787,2021-04-30 13:40:23
Adilabad,RAJ HOSPITAL,8,0,8,2,0,2,0,0,0,10,0,10,Private,9951984577,2021-04-22 12:47:53
Adilabad,"SACHI NURSING HOME AND DIAGNOSTIC CENTRE, ECG AND X- RAY CENTRE",15,0,15,5,0,5,0,0,0,20,0,20,Private,9441865322,2021-04-28 13:24:09
Adilabad,"SANSA GASTRO, LIVER, SKIN HOSPITAL",16,0,16,2,0,2,0,0,0,18,0,18,Private,7893908061,2021-05-08 08:51:58
Adilabad,SEVA HOSPITAL AND KIDNEY CENTER AND DIAGNOSTIC CENTER AND X- RAY,13,0,13,2,0,2,0,0,0,15,0,15,Private,9493600533,2021-04-28 13:23:31
Adilabad,SHARADA NURSING HOME,4,0,4,1,0,1,0,0,0,5,0,5,Private,9177385157,2021-05-09 12:38:48
Adilabad,SHIVAPRIYA NURSING HOME,18,0,18,2,0,2,0,0,0,20,0,20,Private,9666581399,2021-04-27 15:59:43
Adilabad,SHREE BALAJI HOSPITAL,18,0,18,2,0,2,0,0,0,20,0,20,Private,8008040081,2021-05-05 08:19:58
Adilabad,SHREE CRITICAL CARE HOSPITAL,6,6,0,6,6,0,8,6,2,20,18,2,Private,9491841390,2021-05-07 10:08:36
Adilabad,SHRI GAJANAN HOSPITAL AND INTENSIVE CARE UNIT,10,8,2,3,3,0,6,6,0,19,17,2,Private,9505023964,2021-05-04 09:28:37
Adilabad,SHRI GAJANAN MATERNITY AND NURSING HOME,15,0,15,4,0,4,0,0,0,19,0,19,Private,8328154350,2021-04-28 16:36:49
Adilabad,SNEHA NURSING HOME,18,0,18,2,0,2,0,0,0,20,0,20,Private,9866334840,2021-05-09 10:06:48
Adilabad,"SRAVYA NURSING HOME,",18,0,18,2,0,2,0,0,0,20,0,20,Private,9959911299,2021-05-09 10:38:09
Adilabad,SRI RAMA NURSING HOME,8,0,8,2,0,2,0,0,0,10,0,10,Private,9951065152,2021-05-09 08:08:28
Adilabad,SRI SRI RAGHAVENDRA NURSING HOME,8,0,8,2,0,2,0,0,0,10,0,10,Private,9908900550,2021-05-08 16:44:40
Adilabad,SRI VENKATESHWARA CHILDREN’S CLINIC AND DIAGNOSTIC CENTER.,8,0,8,2,0,2,0,0,0,10,0,10,Private,9849543364,2021-05-09 12:38:16
Adilabad,SUJATHA MATERNITY AND SURGICAL NURSING HOME,8,0,8,2,0,2,0,0,0,10,0,10,Private,8187037035,2021-04-19 18:18:20
Adilabad,TIRUMALA HOSPITAL,8,0,8,2,0,2,0,0,0,10,0,10,Private,8341110011,2021-05-09 13:22:15
Adilabad,TULASI HOSPITAL,8,0,8,2,0,2,0,0,0,10,0,10,Private,9393272277,2021-04-28 15:57:19
Adilabad,UPENDRA GENERAL HOSPITAL,6,0,6,1,1,0,4,4,0,11,5,6,Private,9849878635,2021-05-09 12:58:16
Adilabad,VAIBHAVI HOSPITAL,8,0,8,2,0,2,0,0,0,10,0,10,Private,9848797507,2021-04-28 14:46:23
Adilabad,VENKATESHWARA CHILDREN’S CLINIC,8,0,8,2,0,2,0,0,0,10,0,10,Private,9849072897,2021-04-28 13:49:36
Adilabad,VENKATESHWARA HOSPITAL- ADILABAD,8,1,7,2,1,1,0,0,0,10,2,8,Private,8499008899,2021-05-06 17:38:54
Adilabad,VIGNESHWARA ORTHOPEDIC AND MATERNITY HOSPITAL,8,0,8,2,0,2,0,0,0,10,0,10,Private,9849287515,2021-04-28 06:08:05
Adilabad,VIJAYA NURSING HOME,13,0,13,2,0,2,0,0,0,15,0,15,Private,9908719345,2021-04-29 09:24:27
Badradri,AMRUTHA MULTI SPECIALITY AND CRITICAL CARE HOSPITAL,24,4,20,12,0,12,14,4,10,50,8,42,Private,9848316248,2021-04-29 08:42:29
Badradri,ANU MULTI SUPER SPECIALITY HOSPITAL PALVANCAH,6,0,6,12,2,10,6,0,6,24,2,22,Private,--,2021-05-04 08:54:27
Badradri,"AROGGYA HOSPITAL, BHADRACHALAM",8,0,8,4,0,4,6,2,4,18,2,16,Private,9966833399,2021-04-28 12:58:52
Badradri,NIKHITHA HOSPITAL - BHADRADRI KOTHAGUDEM,0,0,0,5,5,0,4,4,0,9,9,0,Private,9100337798,2021-05-07 08:53:24
Badradri,"PRABHA SHANKAR HOSPITAL, BHADRACHALAM",5,3,2,6,3,3,5,1,4,16,7,9,Private,9746498328,2021-05-09 14:40:51
Badradri,"PRAVEEN EMERGENCY AND MULTI SPECILITY HOSPITAL, MEDARBASTHI KOTHAGUDEM",3,3,0,10,5,5,7,6,1,20,14,6,Private,--,2021-05-06 09:46:18
Badradri,SANKALPA MULTI SPECIALITY HOSPITAL,5,4,1,10,5,5,7,2,5,22,11,11,Private,9989266574,2021-05-06 13:47:54
Badradri,SRI BALAJI CHEST AND DIABETES,5,1,4,5,1,4,0,0,0,10,2,8,Private,--,2021-05-09 15:07:57
Badradri,SRI LALITA PADMAVATI NURSING HOME,1,1,0,4,2,2,2,1,1,7,4,3,Private,9848222512,2021-05-07 08:33:06
Hyderabad,AAYUSH MULTISPECIALITY HOSPITAL - DILSUKNAGAR,8,8,0,0,0,0,10,10,0,18,18,0,Private,9391653419,2021-05-09 09:17:24
Hyderabad,ADITHYA HOSPITAL - BOGGULAKUNTA,5,5,0,20,20,0,8,8,0,33,33,0,Private,9985175197,2021-05-09 07:34:30
Hyderabad,AL-ARIF GENERAL HOSPITAL,1,1,0,11,11,0,0,0,0,12,12,0,Private,9550297717,2021-05-09 09:12:14
Hyderabad,"ALPHA SUPER SPECIALITY HOSPITAL,",25,1,24,10,0,10,15,2,13,50,3,47,Private,9666995296,2021-05-09 13:35:38
Hyderabad,ANKURA HOSPITAL - BANJARA HILLS,25,25,0,5,5,0,20,20,0,50,50,0,Private,9100900279,2021-05-09 07:46:56
Hyderabad,APOLLO HOSPITAL - HYDERGUDA,0,0,0,26,26,0,14,14,0,40,40,0,Private,9849744721,2021-05-09 12:48:26
Hyderabad,APOLLO HOSPITALS ENTERPRISE LTD DRDO,3,1,2,25,23,2,14,14,0,42,38,4,Private,9391031601,2021-05-09 07:56:51
Hyderabad,APOLLO HOSPITALS ENTERPRISES LTD JUBILEE HILLS,10,9,1,112,112,0,71,71,0,193,192,1,Private,9849637920,2021-05-09 08:03:33
Hyderabad,APOLLO HOSPITALS - SECUNDERABAD,30,30,0,22,22,0,7,7,0,59,59,0,Private,9390094515,2021-05-09 12:16:38
Hyderabad,"APOLLO INST. OF MEDICAL SCIENCES & RESEARCH, APOLLO HOSPITAL CAMPUS, HYDERABAD",200,18,182,30,30,0,19,19,0,249,67,182,Private,9246240001,2021-05-09 08:18:58
Hyderabad,"APOORVA HOSPITAL,",0,0,0,15,15,0,0,0,0,15,15,0,Private,--,2021-05-09 12:55:50
Hyderabad,"ARAVIND EYE CARE CENTRE PVT LTD-NALLAKUNTA,HYDERABAD",10,10,0,10,10,0,0,0,0,20,20,0,Private,9959337799 / 9390069495,2021-05-09 07:54:47
Hyderabad,ASTER PRIME HOSPITAL,0,0,0,54,54,0,34,34,0,88,88,0,Private,9177700125,2021-05-09 08:48:24
Hyderabad,ASVINS HOSPITAL - SOMAJIGUDA,10,10,0,14,14,0,16,16,0,40,40,0,Private,9849984735,2021-05-09 07:21:09
Hyderabad,"BASAVATARAKAM INDO AMERICAN CANCER HOSPITAL AND RESEARCH INSTITUTE, HYDERABAD",9,9,0,10,10,0,6,6,0,25,25,0,Private,9848011421,2021-05-09 12:04:17
Hyderabad,BLISS HOSPITAL,4,4,0,6,5,1,4,3,1,14,12,2,Private,93999527159398290435,2021-05-09 11:16:24
Hyderabad,BRISTLECONE HOSPITALS - BARKATPURA,15,10,5,20,20,0,15,15,0,50,45,5,Private,984838630790302717879640492333,2021-05-09 14:28:42
Hyderabad,CARE HOSPITALS BANJARAHILLS,20,20,0,76,76,0,71,71,0,167,167,0,Private,9956069034,2021-05-09 11:51:27
Hyderabad,CARE HOSPITALS MUSHIRABAD,0,0,0,12,11,1,23,23,0,35,34,1,Private,9466574429,2021-05-09 06:56:16
Hyderabad,CARE HOSPITALS- NAMPALLY,0,0,0,34,34,0,26,26,0,60,60,0,Private,7331126430,2021-05-09 13:12:24
Hyderabad,C C SHROFF - BARKATPURA,0,0,0,29,29,0,7,7,0,36,36,0,Private,99480756759052895821,2021-05-09 15:26:21
Hyderabad,CENTURY HOSPITAL - BANJARA HILLS,18,18,0,34,34,0,39,39,0,91,91,0,Private,9989143340,2021-05-09 12:18:35
Hyderabad,CITI NEURO CENTRE (A UNIT OF HYDERABAD INSTITUTE OF NEURO SCIENCES PVT LTD),30,29,1,30,30,0,13,13,0,73,72,1,Private,9160019361,2021-05-09 12:39:00
Hyderabad,"CURE REHAB, PHYSIOTHERAPY POST HOSPITALIZATION REHABLITATION",10,8,2,8,8,0,2,2,0,20,18,2,Private,08042784140,2021-05-09 13:40:19
Hyderabad,DECCAN COLLEGE OF MEDICAL SCIENCES-KANCHANBAGH,0,0,0,0,0,0,25,25,0,25,25,0,Private,--,2021-05-09 13:55:52
Hyderabad,DHARANI MULTI SPECIALITY HOSPITAL-MEHDIPANAM,20,0,20,10,5,5,10,10,0,40,15,25,Private,9100134141,2021-05-09 09:51:08
Hyderabad,DR.NOSHINAS NOBLE HOSPITAL,10,8,2,10,8,2,5,5,0,25,21,4,Private,8008123708,2021-05-09 12:23:58
Hyderabad,DURGABAI DESHMUKH HOSPITAL - VIDYA NAGAR,8,8,0,0,0,0,22,22,0,30,30,0,Private,--,2021-05-09 07:55:47
Hyderabad,FOCUS HOSPITAL - CHAMPAPET,4,0,4,5,4,1,9,7,2,18,11,7,Private,94411630909848039099,2021-05-09 13:52:01
Hyderabad,GLOBAL GLENEAGLES HOSPITAL - HYDERABAD,12,10,2,29,29,0,14,14,0,55,53,2,Private,9849690680,2021-05-09 10:23:58
Hyderabad,"GSN HOSPITAL-SR NAGAR,HYDERABAD",10,5,5,10,5,5,5,5,0,25,15,10,Private,9849055293,2021-05-09 08:09:44
Hyderabad,"HYDERABAD MULTI SPECIALITY HOSPITAL (UNIT OF VVR HOSPITALS PVT. LTD.),",11,7,4,4,4,0,5,5,0,20,16,4,Private,9391012791,2021-05-09 14:27:05
Hyderabad,HYDERABAD NURSING HOME - BASEERBAGH,9,8,1,25,23,2,15,15,0,49,46,3,Private,8790413535/9490272941,2021-05-09 12:13:38
Hyderabad,IMAGE HOSPITALS - AMEERPET,30,25,5,15,15,0,10,10,0,55,50,5,Private,9000007644,2021-05-09 07:48:57
Hyderabad,"IMTIYAZ HOSPITAL,",0,0,0,14,0,14,0,0,0,14,0,14,Private,--,2021-05-05 16:03:12
Hyderabad,INDO - US SUPERSPECIALITY HOSPITAL - AMEERPET,25,20,5,18,18,0,27,27,0,70,65,5,Private,8978480855,2021-05-09 07:55:45
Hyderabad,INNOVA HOSPITAL - TARNAKA,12,6,6,10,9,1,23,7,16,45,22,23,Private,9291525354,2021-05-09 13:40:04
Hyderabad,INTEGRO HOSPITAL,0,0,0,18,10,8,12,12,0,30,22,8,Private,8008866323,2021-05-07 08:13:33
Hyderabad,"KIRLOSKAR HOSPITAL,",20,11,9,5,2,3,7,4,3,32,17,15,Private,--,2021-05-09 11:58:37
Hyderabad,"KRISHNA INSTITUTE OF MEDICAL SCIENCES LTD, SECUNDERABAD",170,170,0,206,206,0,159,159,0,535,535,0,Private,7995888432,2021-05-09 13:41:20
Hyderabad,LAKSHMI HOSPITAL AND RESEARCH CENTRE_LLP,2,2,0,2,2,0,0,0,0,4,4,0,Private,9246541363,2021-05-09 14:25:34
Hyderabad,LOTUS CURE MULTI SPECIALITY HOSPITAL-HYDERABAD,18,16,2,12,11,1,18,18,0,48,45,3,Private,8520041688,2021-05-09 05:58:19
Hyderabad,LOTUS HOSPITAL FOR WOMEN AND CHILDREN (A UNIT OF SRI VISWA MEDICARE LTD.),25,24,1,20,20,0,32,32,0,77,76,1,Private,--,2021-05-08 17:20:31
Hyderabad,"MAA HOSPITALS PVT LTD, (MAA ENT HOSPITAL)",14,14,0,4,4,0,6,6,0,24,24,0,Private,80088866889100033289,2021-05-09 13:40:25
Hyderabad,MADHAVA NURSING HOME MULTISPECIALITY HOSPITAL - BANJARA HILLS,6,6,0,6,6,0,6,3,3,18,15,3,Private,9848048914,2021-05-09 12:37:18
Hyderabad,MAHAVIR HOSPITAL - A C GAURDS,58,58,0,32,32,0,10,10,0,100,100,0,Private,--,2021-05-09 12:04:59
Hyderabad,MALLAREDDY INSTITUTE OF MEDICAL SCIENCES-HYDERABAD,300,56,244,120,30,90,80,80,0,500,166,334,Private,9849891212,2021-05-09 07:47:30
Hyderabad,"MATRIKA HOSPITAL,",0,0,0,0,0,0,0,0,0,0,0,0,Private,949021412899089494079949777555,2021-05-08 11:31:26
Hyderabad,MEDICOVER HOSPITALS (A UNIT OF SAHRUDAYA HEALTH CARE PVT. LTD.) SECRETARIAT,45,45,0,40,40,0,84,84,0,169,169,0,Private,800880023398495932317674999567,2021-05-09 06:14:45
Hyderabad,METRO CURE HOSPITAL - MALAKPET,5,5,0,5,5,0,10,10,0,20,20,0,Private,9849054543/9866243456,2021-05-09 12:20:41
Hyderabad,"MOHAMMEDI MEMORIAL HOSPITAL,",5,0,5,5,3,2,10,6,4,20,9,11,Private,9849286151,2021-05-09 13:14:55
Hyderabad,"MYTHRI HOSPITAL,",50,0,50,5,5,0,25,25,0,80,30,50,Private,--,2021-05-09 08:29:29
Hyderabad,NATIONAL INSTITUTE OF GASTROENTEROLOGY AND LIVER DISEASES (A UNIT OF TEJASWINI HEALTHCARE SERVICES PVT LTD.),12,11,1,13,13,0,14,14,0,39,38,1,Private,9849705112,2021-05-09 15:23:52
Hyderabad,NAVEEN REDDY HOSPITAL-HYDERABAD,3,1,2,1,1,0,9,9,0,13,11,2,Private,88010 71236,2021-05-09 12:26:36
Hyderabad,NAVJEEVAN HOSPITALS,10,8,2,20,19,1,25,25,0,55,52,3,Private,9703586000,2021-05-09 10:14:49
Hyderabad,NAVODAYA HOSPITAL - HYDERABAD,27,27,0,45,45,0,35,35,0,107,107,0,Private,8341816161,2021-05-09 09:49:11
Hyderabad,"NEELIMA HOSPITAL PRIVATE LIMITED,",10,10,0,34,32,2,10,10,0,54,52,2,Private,891963084598482338359246160976,2021-05-09 07:29:37
Hyderabad,NEHA DIAGNOSTICS,0,0,0,18,8,10,12,12,0,30,20,10,Private,9346982268,2021-05-09 12:12:19
Hyderabad,NEWLIFE REHABILITATION CENTRE - BANJARA HILLS,0,0,0,36,32,4,10,0,10,46,32,14,Private,98481844499966660688,2021-05-09 15:11:05
Hyderabad,NICE HOPSITAL FOR WOMEN NEWBORNS & CHILDREN - MASAB TANK,0,0,0,11,11,0,0,0,0,11,11,0,Private,8971569999,2021-05-09 12:07:18
Hyderabad,"NIKHIL HOSPITAL, AMEERPET",6,6,0,6,6,0,20,20,0,32,32,0,Private,9866966778,2021-05-09 08:01:48
Hyderabad,NIKHIL HOSPITAL - DILSUKNAGAR,0,0,0,8,8,0,12,12,0,20,20,0,Private,8519993543,2021-05-09 11:51:45
Hyderabad,NOVA ENT HOSPITAL-HYDERABAD,0,0,0,18,11,7,0,0,0,18,11,7,Private,9391711122,2021-05-08 18:21:28
Hyderabad,OLIVE HOSPITAL,4,4,0,56,56,0,18,18,0,78,78,0,Private,9666919293,2021-05-09 08:53:50
Hyderabad,OMEGAHOSPITALS,23,18,5,15,15,0,2,2,0,40,35,5,Private,9848011421,2021-05-09 15:30:07
Hyderabad,ONUS HOSPITAL,50,0,50,0,0,0,1,1,0,51,1,50,Private,9502792322,2021-05-08 08:29:12
Hyderabad,PADMAVATHI MEDICAL CENTRE,7,3,4,4,4,0,4,4,0,15,11,4,Private,9160668686,2021-05-09 13:40:13
Hyderabad,PHYSIO REHAB CARE HEALTH AND WELLNESS CENTRE,5,1,4,5,5,0,7,7,0,17,13,4,Private,9963678314,2021-05-09 08:51:01
Hyderabad,PRAJA SAI HOSPITAL,20,4,16,20,3,17,10,0,10,50,7,43,Private,9100059777,2021-05-09 13:22:11
Hyderabad,"PRATHIMA HOSPITALS, KACHIGUDA",0,0,0,46,40,6,24,23,1,70,63,7,Private,9959361880/9703990177,2021-05-09 05:58:55
Hyderabad,PREMIER HOSPITAL,0,0,0,53,49,4,18,18,0,71,67,4,Private,9848034747,2021-05-09 12:08:06
Hyderabad,PRINCESS ESRA HOSPITAL - SHALIBANDA,10,10,0,20,20,0,70,70,0,100,100,0,Private,994967129/8686063153,2021-05-09 12:49:40
Hyderabad,PULSE HOSPITAL - PADMARAO NAGAR,7,7,0,10,10,0,8,8,0,25,25,0,Private,8341816161,2021-05-09 08:05:49
Hyderabad,RAGHAVENDRA HOSPITALS (A UNIT OF SKHC PVT LTD),0,0,0,3,0,3,4,0,4,7,0,7,Private,--,2021-04-28 17:47:02
Hyderabad,RAINBOW CHILDREN HOSPITAL BANJARA HILLS,0,0,0,10,1,9,3,2,1,13,3,10,Private,9959115050,2021-05-09 12:38:23
Hyderabad,RAINBOW CHILDRENS HEART INSTITUTE (A UNIT OF RAINBOW SPECIALITY HOSPITALS PVT LTD.),5,3,2,37,35,2,17,15,2,59,53,6,Private,--,2021-05-09 09:22:28
Hyderabad,"RAINBOW CHILDRENS MEDICARE PVT LTD VIKRAMPURI,SECUNDRABAD",0,0,0,24,13,11,7,6,1,31,19,12,Private,--,2021-05-09 07:53:40
Hyderabad,RAVI HELIOS HOSPITAL - INDIRA PARK,6,5,1,6,6,0,8,8,0,20,19,1,Private,9849084566,2021-05-09 09:01:25
Hyderabad,RENEW MEDICAL & REHABILITATION CENTRE - BEGUMPET,2,2,0,6,6,0,2,1,1,10,9,1,Private,9963471103,2021-05-09 09:33:49
Hyderabad,RENOVO HOSPITAL - LANGER HOUSE,23,23,0,25,25,0,12,12,0,60,60,0,Private,9989143340,2021-05-09 08:13:32
Hyderabad,RUSH SUPERSPECIALITY HOSPITAL,5,5,0,0,0,0,12,11,1,17,16,1,Private,8886611109,2021-05-09 14:30:22
Hyderabad,SAFE KIDS HOSPITAL - KARWAN,17,11,6,7,7,0,16,14,2,40,32,8,Private,82472308499949019903,2021-05-09 11:24:15
Hyderabad,SAI VANI HOSPITAL - INDIRA PARK,10,9,1,10,10,0,8,8,0,28,27,1,Private,9866458511,2021-05-09 10:12:32
Hyderabad,"SAMEENA MATERNITY & NURSING HOME -BANDLAGUDA, HYDERABAD",10,6,4,6,5,1,4,3,1,20,14,6,Private,9160186681,2021-05-09 12:58:48
Hyderabad,SAMEER HOSPITAL.,12,12,0,12,12,0,14,14,0,38,38,0,Private,9177373017,2021-05-09 08:16:16
Hyderabad,SEASONS HOSPITAL - BAGH AMBERPET,6,4,2,6,6,0,7,7,0,19,17,2,Private,6303906008,2021-05-09 12:48:16
Hyderabad,SHALINI HOSPITAL BARKATPURA,0,0,0,40,40,0,10,10,0,50,50,0,Private,8341816161,2021-05-09 08:06:51
Hyderabad,SHALIVAHANA MULTI SPECIALITY HOSPITAL-HYDERABAD,5,5,0,9,9,0,5,5,0,19,19,0,Private,9246887077,2021-05-09 10:09:06
Hyderabad,SHANTILAL NAVODAYA MULTISPECIALITY HOSPITAL,5,5,0,4,4,0,0,0,0,9,9,0,Private,8341816161,2021-05-09 12:48:52
Hyderabad,SKS NEURO HOSPITAL - KACHIGUDA,10,9,1,15,15,0,12,7,5,37,31,6,Private,9848629407,2021-05-09 12:31:50
Hyderabad,"SOWMYA CHILDRENS HOSPITAL,",4,4,0,6,6,0,10,0,10,20,10,10,Private,9848014641,2021-05-09 12:02:22
Hyderabad,SREESTA KAMALA HOSPITAL - DILSUKNAGAR,10,5,5,18,16,2,17,17,0,45,38,7,Private,9032771234,2021-05-09 14:37:21
Hyderabad,SRIKARA HOSPITAL - SECUNDERABAD,14,14,0,26,26,0,24,24,0,64,64,0,Private,9848097591,2021-05-09 11:57:02
Hyderabad,SRI RAMA KRISHNA HOSPITAL-KACHIGUDA,7,0,7,7,4,3,0,0,0,14,4,10,Private,"9986618040, 9246344044",2021-05-09 14:14:12
Hyderabad,SRI SAI SRINIVASA SPECIALITY HOSPITALS PVT LTD-HYDERABAD,9,8,1,10,10,0,0,0,0,19,18,1,Private,9700333337\9059549665,2021-05-09 08:29:33
Hyderabad,SRI VCARE MULTI SPECIALITY HOSPITAL,10,1,9,10,1,9,10,5,5,30,7,23,Private,--,2021-05-08 13:16:07
Hyderabad,ST THERESA HOSPITAL,30,28,2,36,36,0,9,9,0,75,73,2,Private,9032067678,2021-05-09 08:25:31
Hyderabad,"SUNRIDGE MULTI SPECIALITY HOSPITAL-MOTINAGAR,HYDERABAD",10,9,1,10,6,4,15,15,0,35,30,5,Private,"9391458613, 8247681640",2021-05-09 14:17:45
Hyderabad,SUNSHINE HOSPITAL,20,10,10,161,152,9,50,50,0,231,212,19,Private,9849991319/9100043229,2021-05-09 12:31:03
Hyderabad,"SVS HOSPITALS PVT. LTD.,",12,2,10,20,20,0,18,18,0,50,40,10,Private,9246297659,2021-05-07 17:13:52
Hyderabad,SWARAG HEALTHCARE SERVICES PVT LTD-SOMAJIGUDA,4,4,0,4,3,1,0,0,0,8,7,1,Private,7602777935,2021-05-09 12:08:52
Hyderabad,SWASA HOSPITAL,5,0,5,15,9,6,4,4,0,24,13,11,Private,9676760000,2021-05-09 07:00:04
Hyderabad,TAVNIR HOSPITAL,5,5,0,6,4,2,4,4,0,15,13,2,Private,9951911155,2021-05-09 14:30:29
Hyderabad,THE DECCAN HOSPITAL (A UNIT OF PARK HEALTH SYSTEMS PVT. LTD,18,16,2,19,19,0,28,28,0,65,63,2,Private,9849338067984801139791600234069908015319,2021-05-09 13:43:28
Hyderabad,THUMBAY HOSPITAL NEW LIFE A UNIT OF THUMBAY HOSPITAL INDIA PVT. LTD.,2,2,0,15,15,0,83,83,0,100,100,0,Private,9642334949,2021-05-09 12:00:45
Hyderabad,TRICOLOUR HOSPITAL & CRITICAL CARE - AMEERPET,10,7,3,14,14,0,6,6,0,30,27,3,Private,9949375536,2021-05-09 13:06:23
Hyderabad,TX-KACHIGUDA,20,20,0,53,53,0,28,28,0,101,101,0,Private,9701667662,2021-05-09 08:29:11
Hyderabad,UDAI OMNI HOSPITAL - NAMPALLY,7,7,0,19,19,0,14,14,0,40,40,0,Private,9951493415,2021-05-09 12:54:02
Hyderabad,UNIMED HEALTHCARE PVT- LTD STAR HOSPITALS,48,48,0,41,41,0,18,18,0,107,107,0,Private,7982144457,2021-05-08 12:26:53
Hyderabad,VASAVI HOSPITAL - LAKDIKAPUL,0,0,0,48,47,1,15,15,0,63,62,1,Private,9848120104,2021-05-09 08:09:52
Hyderabad,VASCULAR CARE CENTRE - SOMAJIGUDA,6,6,0,6,6,0,8,8,0,20,20,0,Private,95423000609100560241,2021-05-09 07:46:56
Hyderabad,VCARE HOSPITAL - AMEERPET,10,8,2,15,15,0,8,8,0,33,31,2,Private,--,2021-05-09 13:14:53
Hyderabad,VIJAYA HEALTH TRUST - KUMMARIGUDA,40,36,4,22,22,0,8,8,0,70,66,4,Private,9848031934,2021-05-09 04:19:48
Hyderabad,VINN HOSPITAL - BEGUMPET,0,0,0,60,60,0,60,60,0,120,120,0,Private,7993360813,2021-05-09 06:36:22
Hyderabad,VIRINCHI HEALTH CARE PVT. LTD.,0,0,0,66,66,0,61,61,0,127,127,0,Private,98483863079100957701,2021-05-09 11:59:04
Hyderabad,VIVEKANANDA-BEGUMPET,15,15,0,12,10,2,6,6,0,33,31,2,Private,9948268778,2021-05-09 09:00:58
Hyderabad,WELLNESS HOSPITAL - AMEERPET,5,5,0,5,5,0,10,10,0,20,20,0,Private,9490667172,2021-05-09 08:00:18
Hyderabad,"WOODLANDS HOSPITAL, A MULTI SPECIALITY CENTRE,",12,10,2,12,12,0,10,10,0,34,32,2,Private,9885099998,2021-05-09 07:42:50
Hyderabad,"YASHODA HEALTH CARE SERVICES PVT LTD,",90,82,8,31,31,0,81,81,0,202,194,8,Private,99899755599390006070,2021-05-09 08:05:35
Hyderabad,YASHODA HOSPITALS - SECUNDERABAD,148,146,2,150,150,0,110,110,0,408,406,2,Private,998997555993900060709849522440,2021-05-09 14:09:21
Hyderabad,YASHODA HOSPITALS - SOMAJIGUDA,60,59,1,168,168,0,83,83,0,311,310,1,Private,9989975559/9390006070,2021-05-09 12:03:33
Hyderabad,ZOI HOSPITAL - SOMAJIGUDA,0,0,0,34,34,0,16,16,0,50,50,0,Private,9849029580,2021-05-08 09:10:42
Jagtial,ADHITYA HOSPITAL,4,2,2,5,4,1,7,5,2,16,11,5,Private,9885033259,2021-05-09 12:01:30
Jagtial,AMRITA TRINETRA MULTI SPECIALITY HOSPITAL,10,8,2,5,3,2,5,1,4,20,12,8,Private,9849099669,2021-05-09 11:29:39
Jagtial,FORTUNE SIGMA MULTI SPECILITY HOSPITAL,20,10,10,5,3,2,0,0,0,25,13,12,Private,9807104108,2021-05-09 02:04:25
Jagtial,HANSHI HOSPITAL - JAGITYAL,6,4,2,18,16,2,6,6,0,30,26,4,Private,9949715795,2021-05-09 11:40:15
Jagtial,JANAKI CHEST HOSPITAL,0,0,0,6,6,0,4,4,0,10,10,0,Private,8125299189,2021-05-09 14:00:17
Jagtial,JYOTHI HOSPITAL-JAGTIAL,0,0,0,6,4,2,4,1,3,10,5,5,Private,9963254525,2021-05-08 18:10:49
Jagtial,KESHAVA HOSPITAL,4,1,3,4,3,1,2,2,0,10,6,4,Private,9989469022,2021-05-09 10:02:17
Jagtial,MANA HOSPITAL-METPALLY,4,2,2,2,1,1,4,1,3,10,4,6,Private,7202576660,2021-05-08 10:40:05
Jagtial,MANIKANTA HOSPITAL,5,0,5,10,0,10,5,3,2,20,3,17,Private,9848067077,2021-05-08 20:25:58
Jagtial,MEENAKSHI HOSPITAL,2,1,1,6,6,0,3,0,3,11,7,4,Private,--,2021-05-09 12:02:31
Jagtial,SRI GAYATRI HOSPITAL-METPALLY,7,1,6,5,2,3,8,0,8,20,3,17,Private,9059108108,2021-05-09 11:00:13
Jagtial,SRI LAXMI HOSPITAL-KORUTLA,7,3,4,3,2,1,0,0,0,10,5,5,Private,8686869176,2021-05-03 16:56:26
Jagtial,SRI MITHRA HOSPITAL,16,0,16,8,5,3,6,5,1,30,10,20,Private,9052400987,2021-05-09 11:09:50
Jagtial,SRI RAJANNA HOSPITAL,6,4,2,4,2,2,0,0,0,10,6,4,Private,--,2021-05-09 10:17:30
Jagtial,SRI SAI PRAJA HOSPITAL-METPALLY,12,11,1,6,3,3,2,0,2,20,14,6,Private,9866628502,2021-05-08 22:04:58
Jagtial,SRI SURAKHA HOSPITAL-JAGITYAL,0,0,0,9,4,5,10,8,2,19,12,7,Private,9989911141,2021-05-07 18:03:30
Jagtial,SRI THIRUMALA HOSPITAL-KORUTLA,3,1,2,4,2,2,4,3,1,11,6,5,Private,8074813993,2021-05-06 16:58:22
Jagtial,SRI YASHODA HOSPITAL-RAIKAL,4,0,4,2,0,2,3,0,3,9,0,9,Private,9347397774,2021-05-08 11:10:34
Jagtial,SULOCHANA HOSPITAL,10,5,5,9,9,0,8,7,1,27,21,6,Private,9440036031,2021-05-08 09:55:31
Jagtial,SWATHI HOSPITAL-METPALLY,5,1,4,2,1,1,3,2,1,10,4,6,Private,9985081459,2021-05-08 13:02:25
Jagtial,VANI HOSPITAL,10,3,7,7,2,5,3,2,1,20,7,13,Private,7680068049,2021-05-09 14:00:31
Jangaon,AJANTHA MULTI SPECIALITY AND CHILDREN HOSPITAL,28,0,28,19,4,15,3,0,3,50,4,46,Private,9908227087,2021-05-09 14:47:09
Jangaon,KOTI RATNA HOSPITAL,4,0,4,10,0,10,2,0,2,16,0,16,Private,9440170178,2021-05-02 17:19:13
Jangaon,RAVALI NURSING HOME,8,0,8,2,0,2,0,0,0,10,0,10,Private,9866340952,2021-04-19 10:20:48
Jangaon,SRI SAI KRISHNA NURSING HOME,35,0,35,10,3,7,5,0,5,50,3,47,Private,9848743585,2021-05-06 16:34:29
Jangaon,SRI SRINIVASA HOSPITAL,9,0,9,3,0,3,0,0,0,12,0,12,Private,9989911201,2021-04-19 10:21:40
Jangaon,SSK- JANGOAN,5,5,0,9,7,2,6,3,3,20,15,5,Private,9912750422,2021-05-09 10:46:57
Jangaon,SWAPNA HOSPITAL,7,0,7,3,0,3,0,0,0,10,0,10,Private,9010968666,2021-05-06 20:54:15
Jangaon,VIJAYA HOSPITAL,6,0,6,4,0,4,0,0,0,10,0,10,Private,9866634050,2021-04-19 10:22:10
Jayashankar,GLOBAL CARE HOSPITAL,6,0,6,4,1,3,16,13,3,26,14,12,Private,--,2021-05-09 08:07:19
Jayashankar,KIRAN HOSPITAL,10,0,10,10,1,9,14,0,14,34,1,33,Private,--,2021-05-08 16:10:29
Jayashankar,PRADHAN HOSPITAL,10,1,9,10,1,9,5,1,4,25,3,22,Private,9951617196,2021-05-09 14:46:24
Jayashankar,SAI BALAJI MULTI SPECIALTY HOSPITAL,10,4,6,10,2,8,10,0,10,30,6,24,Private,--,2021-05-09 08:27:33
Jayashankar,SMART CARE MULTISPECIALITY HOSPITAL,9,5,4,3,2,1,7,7,0,19,14,5,Private,7907385064,2021-05-08 21:07:13
Jogulamba,"AMRITHA HOSPITAL,",0,0,0,0,0,0,0,0,0,0,0,0,Private,--,2021-04-30 11:03:49
Jogulamba,BHUVANESHWARI NURSING HOME,2,0,2,0,0,0,0,0,0,2,0,2,Private,--,2021-05-03 11:00:55
Jogulamba,JANANI NURSING HOME,3,0,3,0,0,0,0,0,0,3,0,3,Private,--,2021-05-03 11:02:00
Jogulamba,JAYAPRAJA HOSPITAL,3,0,3,2,0,2,0,0,0,5,0,5,Private,--,2021-05-03 11:05:15
Jogulamba,LAXMI VENKATESWRA CHILDREN HOSPITAL,2,0,2,0,0,0,0,0,0,2,0,2,Private,--,2021-05-01 11:06:45
Jogulamba,MEDICARE SPECIALITY HOSPITAL,3,0,3,0,0,0,0,0,0,3,0,3,Private,--,2021-05-03 11:16:51
Jogulamba,"MONICA PRAJA VAIDHYASHALA,",2,0,2,0,0,0,0,0,0,2,0,2,Private,--,2021-05-03 11:09:59
Jogulamba,NIRMALA NURSING HOME MATERNITY SURGICAL AND CHILDREN NURSING HOME,2,0,2,0,0,0,0,0,0,2,0,2,Private,--,2021-05-03 11:03:09
Jogulamba,RAOS PRAJAVAIDYASHALA,2,0,2,0,0,0,0,0,0,2,0,2,Private,--,2021-05-03 11:06:48
Jogulamba,SAI KRUPA HOSPITAL,4,0,4,0,0,0,0,0,0,4,0,4,Private,--,2021-05-08 13:10:37
Jogulamba,SAI SHIVA HOSPITAL,5,0,5,0,0,0,0,0,0,5,0,5,Private,--,2021-05-03 11:09:21
Jogulamba,SATYA NARAYANA CHILDREN HOSPITAL,2,0,2,0,0,0,0,0,0,2,0,2,Private,--,2021-05-01 11:09:47
Jogulamba,SHIVA SAI NURSING HOME,2,0,2,0,0,0,0,0,0,2,0,2,Private,--,2021-05-03 11:02:43
Jogulamba,"SRAVANTHI MULTISPECIALITY HOPSITAL,",2,0,2,0,0,0,0,0,0,2,0,2,Private,--,2021-05-03 11:10:28
Jogulamba,SRAVANTHI MULTISPECIALITY HOSPITA,2,1,1,0,0,0,0,0,0,2,1,1,Private,--,2021-05-09 09:08:02
Jogulamba,"SRI BALAJI HOSPITAL,",5,0,5,0,0,0,0,0,0,5,0,5,Private,--,2021-05-03 11:12:15
Jogulamba,SRI RAGHAVENDRA MOTHER AND CHILD HOSPITAL,2,0,2,1,0,1,0,0,0,3,0,3,Private,--,2021-05-03 11:07:53
Jogulamba,"SRI. SRINIVARSNURSING HOME,",1,0,1,0,0,0,0,0,0,1,0,1,Private,--,2021-05-03 11:15:58
Jogulamba,"SRI VIJAYA RAYA MULTI SPECIALITY HOSPITAL,",2,0,2,1,0,1,0,0,0,3,0,3,Private,--,2021-05-03 11:11:22
Jogulamba,SUBHAKARA HOSPITALS,3,0,3,2,0,2,0,0,0,5,0,5,Private,--,2021-05-03 11:13:55
Jogulamba,SUNITHA METERNITY NURSING HOME,3,0,3,0,0,0,0,0,0,3,0,3,Private,--,2021-05-03 11:05:54
Jogulamba,SUN RISE HOSPITAL,2,0,2,0,0,0,0,0,0,2,0,2,Private,--,2021-05-03 11:17:30
Kamareddy,"ADITHYA HOSPITAL H,NO-1-7-57/12.SIRICILLA ROAD",5,0,5,5,3,2,0,0,0,10,3,7,Private,9885707042,2021-05-09 14:56:09
Kamareddy,AJAY HOSPITAL,5,0,5,2,0,2,0,0,0,7,0,7,Private,9502128696,2021-05-09 14:58:15
Kamareddy,AKHILA HOSPITAL KAMAREDDY,10,0,10,5,0,5,5,0,5,20,0,20,Private,--,2021-05-08 10:04:41
Kamareddy,"AMRUTHA CHILDRENS HPL,KAMAREDDY.",3,0,3,3,0,3,0,0,0,6,0,6,Private,9885063559,2021-05-09 14:43:45
Kamareddy,"AMRUTHA HOSPTAL BESIDE, SARASWATHI TEMPLE,",8,0,8,0,0,0,0,0,0,8,0,8,Private,9949497703,2021-05-09 13:31:41
Kamareddy,"ANVITHA HOSPITAL, NEAR BUSTAND BANSWADA",3,0,3,0,0,0,0,0,0,3,0,3,Private,--,2021-05-09 10:24:10
Kamareddy,"BALAJI HOSPITAL,HNO-1-5-64,GODOWN ROAD KAMAREDDY",5,0,5,0,0,0,0,0,0,5,0,5,Private,9299991881,2021-05-08 14:02:17
Kamareddy,DEVI HOSPITAL NGOS COLONY,0,0,0,6,3,3,9,9,0,15,12,3,Private,--,2021-05-09 11:33:15
Kamareddy,"DR. ANJAL REDDY MEMORIAL HOSPITAL NETAJI ROAD, KAMAREDDY,",2,1,1,0,0,0,0,0,0,2,1,1,Private,9000995775,2021-05-08 11:06:43
Kamareddy,"DR. B. ESHWAR DAS.HOSPITAL, NEAR RAILWAY BRIDGE,",2,0,2,2,0,2,0,0,0,4,0,4,Private,9989054815,2021-05-09 12:59:11
Kamareddy,"DR. RADHA VIJAYA LAXMI, RR HPL KAMAREDDY",4,0,4,3,0,3,0,0,0,7,0,7,Private,9299995454,2021-05-09 10:54:55
Kamareddy,"DWARAKA MULTI SPECILAITY HOSPITAL,",0,0,0,5,5,0,5,0,5,10,5,5,Private,9985239983,2021-05-09 12:46:52
Kamareddy,"GEEREDDY RAVINDEREDDY NEURO SPECIALITY HOOPITAL,KAMAREDDY",2,0,2,1,0,1,2,0,2,5,0,5,Private,9985365679,2021-05-09 12:49:54
Kamareddy,"JAGRUTHI HOSPITAL HN-1-5-98, GODWN ROAD KAMAREDDY",5,0,5,9,4,5,4,4,0,18,8,10,Private,9885817458,2021-05-07 18:21:10
Kamareddy,JAYAMULTY SPECIALITY HOSPITAL,0,0,0,8,7,1,0,0,0,8,7,1,Private,8099220068,2021-05-09 07:42:34
Kamareddy,"JEEVENDAN HOSPITAL,",13,1,12,0,0,0,12,10,2,25,11,14,Private,9908222204,2021-05-09 14:09:53
Kamareddy,"JEEVENDAN HOSPITAL,",5,0,5,0,0,0,0,0,0,5,0,5,Private,9908222204,2021-05-08 16:36:31
Kamareddy,KOUSALIAYA M/S HOSPITAL,2,0,2,3,0,3,0,0,0,5,0,5,Private,9848777931,2021-05-09 11:15:30
Kamareddy,KOUSALYA MULTI SEPCIALITY HOSPITAL,2,0,2,3,0,3,0,0,0,5,0,5,Private,9848777931,2021-05-09 11:15:51
Kamareddy,KRISHNAVENI CHILDRENS HSPTAL KAMAREDDY.,2,0,2,2,0,2,0,0,0,4,0,4,Private,--,2021-05-08 10:39:08
Kamareddy,NAVAJEEVAN MULTI SPECIALTY HOSPITAL,0,0,0,5,0,5,5,2,3,10,2,8,Private,9866071012,2021-05-08 20:26:14
Kamareddy,PARVATHI CHILDRENS HPL GODWAN ROAD. KAMAREDDY,3,0,3,2,0,2,0,0,0,5,0,5,Private,9397311544,2021-05-09 10:15:35
Kamareddy,"RAJAMPET MULTI SPECIALITY HOSPITAL, RAJAMPET,",5,0,5,2,1,1,0,0,0,7,1,6,Private,9848777931,2021-05-08 17:43:31
Kamareddy,RAJYA LAXMI NURSING HOME BESIDE MUNCIPAL OFFICE. KAMAREDDY.,4,0,4,1,0,1,0,0,0,5,0,5,Private,8374191841,2021-05-09 14:30:16
Kamareddy,R.J.HOSPITAL,5,2,3,3,0,3,6,4,2,14,6,8,Private,8886100200,2021-05-08 22:18:13
Kamareddy,"R.K,HOSPITAL HN,1-5-193, NETHAJI ROAD KAMAREDDY",10,4,6,0,0,0,0,0,0,10,4,6,Private,9440135380,2021-05-09 11:38:53
Kamareddy,"RUSSH MULTISPECIALITY HOSPITAL,",10,0,10,5,1,4,10,10,0,25,11,14,Private,9160114411,2021-04-29 09:49:49
Kamareddy,SADHANA HOSPITAL,6,0,6,0,0,0,4,0,4,10,0,10,Private,--,2021-05-08 18:53:25
Kamareddy,"SIRI CHILDRENS HOSPITAL,",4,0,4,4,0,4,0,0,0,8,0,8,Private,--,2021-05-08 19:10:44
Kamareddy,"SRI BALAJI HOSPITAL OPP SRIRAMANDIR, BANSWADA",8,0,8,0,0,0,0,0,0,8,0,8,Private,9703165465,2021-05-09 14:24:11
Kamareddy,SRI GANESH MULTI SPECIALITY HOSPITAL DAILY MARKET,0,0,0,10,3,7,0,0,0,10,3,7,Private,9848969713,2021-05-08 22:41:49
Kamareddy,"SRI GANGA CHILDRENS HPL SIRCILLA ROAD, KAMAREDDY",2,0,2,3,0,3,0,0,0,5,0,5,Private,9849346044,2021-05-09 12:59:42
Kamareddy,"SRI. JANANI MOTHER AND CHILD HOSPITAL,KAMAREDDY",5,0,5,3,0,3,0,0,0,8,0,8,Private,9849346044,2021-05-09 11:17:21
Kamareddy,SRINIVAS CHILDRENS HPL. SAI BHAG. KAMAREDDY,5,0,5,0,0,0,0,0,0,5,0,5,Private,9849963996,2021-05-09 12:46:48
Kamareddy,"SRI PADMAVATHI MULTISPECILITY HOSPITAL,",10,0,10,2,0,2,3,0,3,15,0,15,Private,9949028128,2021-05-09 10:43:46
Kamareddy,"SRI RAMA MULTI SPECIALITY HOSPITAL,NH-7,KAMAREDDY.",3,0,3,4,0,4,0,0,0,7,0,7,Private,--,2021-04-28 15:55:44
Kamareddy,SRI SAI KRISHNA HOSPITAL,2,0,2,2,0,2,1,0,1,5,0,5,Private,9290556081,2021-05-09 14:20:35
Kamareddy,SRI SAISIMHAMULTI SPECIALITY HOSPITALR.,8,0,8,2,0,2,0,0,0,10,0,10,Private,9849822133,2021-05-09 09:03:00
Kamareddy,SRI VENKETESHWAR CHILDRENS HPL.GODWAN ROAD,2,0,2,3,0,3,0,0,0,5,0,5,Private,--,2021-05-09 07:10:56
Kamareddy,SRI VENKETESHWAR NURSING HOME YELLAREDDY,20,0,20,5,0,5,0,0,0,25,0,25,Private,9000489838,2021-05-09 11:26:20
Kamareddy,"SUNDAR HPL,PITLAM.",5,0,5,0,0,0,0,0,0,5,0,5,Private,--,2021-04-28 16:08:27
Kamareddy,"S.V.CHILDREN HOSPITAL,",3,0,3,2,0,2,0,0,0,5,0,5,Private,9440228613,2021-05-09 11:26:36
Kamareddy,SVR HOSPITAL SIRCILLA ROAD KAMAREDDY,4,1,3,4,2,2,0,0,0,8,3,5,Private,8468222550,2021-05-09 14:08:01
Kamareddy,"THIRUMALA N/H,KAMAREDDY.",5,0,5,5,0,5,0,0,0,10,0,10,Private,--,2021-05-09 12:33:20
Kamareddy,"VARSHA HOSPITAL, GODOWN ROAD",5,0,5,5,0,5,1,0,1,11,0,11,Private,9849204567,2021-05-09 14:05:36
Kamareddy,VASAVI GASTRO & MULTI SPECIALTY HOSPITAL,0,0,0,7,5,2,3,0,3,10,5,5,Private,9666696622,2021-05-09 02:09:21
Kamareddy,VYASHANAVI HOSPITAL RAMA REDDY -KAMAREDDY,6,0,6,0,0,0,0,0,0,6,0,6,Private,9618001880,2021-05-09 13:04:42
Kamareddy,"YELLAREDDY SUPER SPECIALITY, YELLAREDDY, NIZAMABAD. (DIST)",7,0,7,3,0,3,0,0,0,10,0,10,Private,9908932322,2021-05-09 09:55:38
Karimnagar,"ABHILASH HOSPITAL, KARIMNAGAR",8,0,8,9,1,8,7,6,1,24,7,17,Private,9849059462,2021-05-09 09:38:38
Karimnagar,ADARSHA HOSPITAL- KARIMNAGAR,18,18,0,18,18,0,14,14,0,50,50,0,Private,9966666360,2021-05-07 12:27:40
Karimnagar,AKHIRA HOSPITAL,0,0,0,4,0,4,16,1,15,20,1,19,Private,9493773388,2021-05-09 10:26:00
Karimnagar,APEX HOSPITAL,0,0,0,20,17,3,15,15,0,35,32,3,Private,9949390340,2021-05-09 10:33:03
Karimnagar,APOLLO REACH HOSPITAL - KARIMNAGAR,10,7,3,15,7,8,48,34,14,73,48,25,Private,8886710444,2021-05-09 08:25:25
Karimnagar,BALAJI HOSPITAL-KARIMNAGAR,0,0,0,12,8,4,0,0,0,12,8,4,Private,7032800220,2021-05-09 07:11:47
Karimnagar,CHALMEDA ANANDARAO INSTITUTE OF MEDICAL SCIENCES - BOMMAKAL,300,15,285,125,99,26,25,25,0,450,139,311,Private,9440120517,2021-05-09 09:28:04
Karimnagar,CHANDA NEURO & TRAUMA CARE CENTRE-KARIMNAGAR,5,2,3,5,0,5,5,0,5,15,2,13,Private,8125972859,2021-05-08 01:49:46
Karimnagar,CITY HOSPITAL KARIMNAGAR,25,25,0,15,11,4,10,1,9,50,37,13,Private,9666416767,2021-05-09 11:49:02
Karimnagar,CVM HOSPITAL - KARIMNAGAR,0,0,0,12,11,1,54,52,2,66,63,3,Private,9959577751,2021-05-09 05:17:43
Karimnagar,DR VEERA REDDY HOSPITAL,4,3,1,0,0,0,4,3,1,8,6,2,Private,9666416767,2021-05-09 11:04:01
Karimnagar,FORTUNE MEDICARE HOSPITAL - KARIMNAGAR,12,10,2,12,12,0,10,10,0,34,32,2,Private,9866235548,2021-05-09 08:05:11
Karimnagar,GLOBAL MAXX MULTI SPECIALITY HOSPITAL,10,2,8,0,0,0,20,7,13,30,9,21,Private,9492213108,2021-05-09 12:19:40
Karimnagar,GOODLIFE- KARIMNAGAR,18,14,4,10,10,0,12,12,0,40,36,4,Private,8978598999,2021-05-09 08:34:11
Karimnagar,KAMAKSHI HOSPITAL-KARIMNAGAR,4,4,0,10,8,2,9,0,9,23,12,11,Private,9866223258,2021-05-09 09:03:11
Karimnagar,KARTHIKEYA MULTI SPECIALITY HOSPITAL,5,1,4,11,6,5,12,7,5,28,14,14,Private,9885657828,2021-05-09 12:01:09
Karimnagar,KEA HOSPITAL-KARIMNAGAR,5,4,1,0,0,0,10,8,2,15,12,3,Private,9966550099,2021-05-09 11:01:35
Karimnagar,KELVIN HOSPITAL,10,6,4,10,9,1,12,7,5,32,22,10,Private,9966827072,2021-05-09 03:05:40
Karimnagar,LEPAKSHI HOSPITAL - KARIMNAGAR,0,0,0,0,0,0,40,15,25,40,15,25,Private,9440415130,2021-05-09 12:38:21
Karimnagar,MAHATHI HOSPITAL - KARIMNAGAR,5,5,0,5,5,0,10,5,5,20,15,5,Private,9384104108,2021-05-06 07:50:20
Karimnagar,MANJUNATHA HOSPITAL,3,0,3,0,0,0,7,7,0,10,7,3,Private,9949514805,2021-05-09 13:12:43
Karimnagar,MEDICOVER HOSPITAL - KARIMNAGAR,20,8,12,25,16,9,25,20,5,70,44,26,Private,9505622000,2021-05-09 11:57:15
Karimnagar,MEE KUMAR HOSPITAL,19,3,16,10,0,10,21,9,12,50,12,38,Private,7306510082,2021-05-09 12:10:49
Karimnagar,MEENAKSHI HOSPITAL,4,4,0,6,6,0,10,6,4,20,16,4,Private,9701444544,2021-05-09 11:32:57
Karimnagar,MURUGAN HOSPITAL,0,0,0,0,0,0,15,11,4,15,11,4,Private,9010304133,2021-05-07 13:08:28
Karimnagar,NOVA HOSPITAL - KARIMNAGAR,12,6,6,7,7,0,11,11,0,30,24,6,Private,9949655535,2021-05-09 11:38:29
Karimnagar,"OMKAR HOSPITAL, KARIMNAGAR",3,2,1,0,0,0,6,6,0,9,8,1,Private,8686834346,2021-05-06 12:56:58
Karimnagar,ORCHID HOSPITALS,18,8,10,18,14,4,14,14,0,50,36,14,Private,7732007700,2021-05-09 11:42:52
Karimnagar,PRATHIMA INSTITUTE OF MEDICAL SCIENCES - KARIMNAGAR,125,11,114,10,6,4,15,15,0,150,32,118,Private,9866411145,2021-05-09 14:20:51
Karimnagar,PULLELLA HOSPITAL - KARIMNAGAR,0,0,0,24,20,4,26,0,26,50,20,30,Private,9849037204,2021-05-09 08:34:26
Karimnagar,"RAJAN HOSPITAL - PRASHANTH NAGAR, KARIMNAGAR",5,5,0,7,7,0,8,6,2,20,18,2,Private,9966772355,2021-05-09 11:34:41
Karimnagar,RBR HOSPITAL -KARIMNAGAR,3,0,3,2,0,2,5,0,5,10,0,10,Private,9493103108,2021-05-09 12:10:56
Karimnagar,RENNE HOSPITAL - KARIMNAGAR,15,14,1,50,47,3,35,35,0,100,96,4,Private,9000927576,2021-05-09 08:47:58
Karimnagar,SAANVIKA MULITI SUPER SPECIALITY HOSPITAL -KARIMNAGAR,3,0,3,9,6,3,3,3,0,15,9,6,Private,9848870843,2021-05-09 07:22:02
Karimnagar,SAI ASWIKA HOSITAL,2,0,2,0,0,0,8,6,2,10,6,4,Private,9866894577,2021-05-09 09:55:29
Karimnagar,"Sai Chandana Hospital , Karimnagar",5,1,4,0,0,0,10,8,2,15,9,6,Private,994838128,2021-05-09 12:08:48
Karimnagar,SAI HOSPITALS,6,1,5,4,0,4,0,0,0,10,1,9,Private,9849676708,2021-05-07 23:09:51
Karimnagar,SAI KRISHNA HOSPITAL- KARIMNAGAR,10,10,0,0,0,0,20,19,1,30,29,1,Private,9676964650,2021-05-09 12:07:16
Karimnagar,SAI SHARANYA HOSPITAL - KARIMNAGAR,2,2,0,10,10,0,8,8,0,20,20,0,Private,9701074742,2021-05-09 08:05:51
Karimnagar,SAMRAKSHA CRITICAL CARE CENTER-KARIMNAGAR,0,0,0,6,0,6,8,4,4,14,4,10,Private,90326 33347,2021-05-09 08:40:26
Karimnagar,SAPTHAGIRI HOSPITAL,3,3,0,5,3,2,2,2,0,10,8,2,Private,9618608080,2021-05-09 14:21:17
Karimnagar,SPARSH CHILDREN HOSPITAL-KARIMNAGAR,5,5,0,5,5,0,10,10,0,20,20,0,Private,7799579872,2021-05-09 11:02:25
Karimnagar,SPR HOSPITAL,2,2,0,14,9,5,19,15,4,35,26,9,Private,9866116030,2021-05-09 09:51:40
Karimnagar,SREE DEPIKA-KARIMNAGAR,6,4,2,4,4,0,10,8,2,20,16,4,Private,9849449530,2021-05-08 11:18:16
Karimnagar,SRI DWARAKAMAYEE MULTI SPECIALITY HOSPITAL,4,2,2,10,10,0,11,11,0,25,23,2,Private,9866499739,2021-05-09 11:34:05
Karimnagar,SRI KRISHNA HOSPITAL,3,0,3,10,6,4,12,4,8,25,10,15,Private,9676964650,2021-05-09 13:22:33
Karimnagar,SRI PADMAVATHI MULTISPECIALITY HOSPITAL,2,0,2,6,0,6,7,5,2,15,5,10,Private,9949761701,2021-05-09 12:04:51
Karimnagar,SRI SAI LIFE LINE HOSPITAL,0,0,0,25,20,5,30,27,3,55,47,8,Private,9949888865,2021-05-09 07:24:31
Karimnagar,SRI SAI SIRI HOSPITAL,2,0,2,0,0,0,11,7,4,13,7,6,Private,7731916979,2021-05-08 21:29:46
Karimnagar,SRI VIJAYA SAI CRITICAL CARE HOSPITAL,1,0,1,0,0,0,8,4,4,9,4,5,Private,8019804355,2021-05-09 10:27:26
Karimnagar,STAR WINGS HOSPITAL,15,14,1,17,14,3,5,4,1,37,32,5,Private,9900086460,2021-05-09 13:25:14
Karimnagar,STAR WOMEN AND CHILDREN HOSPITAL,3,0,3,9,9,0,8,8,0,20,17,3,Private,9849402280,2021-05-09 11:14:53
Karimnagar,SUNRISE HOSPITAL MULTISPECTY AND CRIT CARE CENTER,9,7,2,10,5,5,17,15,2,36,27,9,Private,7799260000,2021-05-09 14:35:42
Karimnagar,SUNSHINE HOSPITAL,4,0,4,6,2,4,10,9,1,20,11,9,Private,9177629541,2021-05-09 10:40:52
Karimnagar,SURABHI MULTI SPECIALITY HOSPITAL,15,9,6,10,7,3,8,8,0,33,24,9,Private,9052269369,2021-05-09 11:45:57
Karimnagar,SURAKSHA MULTI SPECIALITY HOSPITAL,2,0,2,0,0,0,10,8,2,12,8,4,Private,8250193296,2021-05-08 18:08:30
Karimnagar,SURYA NURISNG HOME-KARIMNAGAR,0,0,0,12,12,0,18,4,14,30,16,14,Private,9885748777,2021-05-08 19:34:37
Karimnagar,VAARAHI HOSPITAL - KARIMNAGAR,14,6,8,20,20,0,16,0,16,50,26,24,Private,9642088860,2021-05-09 07:55:02
Karimnagar,VASARA MULTI SPECIALITY HOSPITAL,6,1,5,0,0,0,8,3,5,14,4,10,Private,--,2021-05-09 09:57:07
Karimnagar,VASUDEVA HOSPITAL,6,4,2,2,2,0,6,4,2,14,10,4,Private,9866148155,2021-05-09 11:26:31
Khammam,ANANYA HOSPITAL,14,14,0,0,0,0,11,6,5,25,20,5,Private,--,2021-05-09 14:52:45
Khammam,ANKURA HOSPITAL,6,0,6,7,0,7,12,3,9,25,3,22,Private,--,2021-05-09 14:45:30
Khammam,AROGYA MULTISPECIALITY HOSPITAL - KHAMMAM,0,0,0,30,30,0,30,30,0,60,60,0,Private,9948888998,2021-05-09 07:54:31
Khammam,AYU HOSPITAL - KHAMMAM,5,5,0,10,10,0,5,5,0,20,20,0,Private,7702299522,2021-05-09 09:30:38
Khammam,"BREATHE CHEST AND GENERAL HOSPITAL, KHAMMAM",5,3,2,4,3,1,11,10,1,20,16,4,Private,9121535979,2021-05-09 09:23:01
Khammam,"BRINDA HOSPTILS , KHAMMAM",7,7,0,7,7,0,7,7,0,21,21,0,Private,9908130332,2021-05-09 07:06:35
Khammam,CURE EMERGENCY HOSPITAL,25,7,18,15,15,0,10,8,2,50,30,20,Private,--,2021-05-09 09:39:56
Khammam,GANESH CHEST CLINIC,6,2,4,6,4,2,8,6,2,20,12,8,Private,--,2021-05-09 00:33:37
Khammam,HI CARE HOSPITAL MADHIRA,2,2,0,4,4,0,4,4,0,10,10,0,Private,9704284512,2021-05-09 11:00:45
Khammam,JANANI CHILDREN HOSPITAL,5,3,2,10,7,3,14,5,9,29,15,14,Private,9849771528,2021-05-09 09:06:40
Khammam,KANNEKANTI EMERGENCY HOSPITAL,5,5,0,8,5,3,7,6,1,20,16,4,Private,9849591751,2021-05-09 08:12:25
Khammam,KOPPU CHEST HOSPITAL KHAMMAM,10,10,0,3,3,0,3,3,0,16,16,0,Private,7569555137,2021-05-09 08:14:01
Khammam,MAMATA MEDICAL COLLEGE - KHAMMAM,80,13,67,55,49,6,12,12,0,147,74,73,Private,9866181161,2021-05-09 08:58:56
Khammam,MARWELL HOSPITAL,6,6,0,4,4,0,10,10,0,20,20,0,Private,7799767734,2021-05-09 06:49:58
Khammam,MEDHA HOSPITAL,3,1,2,7,7,0,10,5,5,20,13,7,Private,9603489770,2021-05-09 07:20:15
Khammam,MEGHANA HOSPITAL - KHAMMAM,4,3,1,4,4,0,8,4,4,16,11,5,Private,9440294480,2021-05-09 00:25:53
Khammam,NEW LIFE EMERGENCY AND MULTISPECIALITY HOSPITAL,10,10,0,20,18,2,14,13,1,44,41,3,Private,8008007716,2021-05-09 09:24:05
Khammam,ORANGE HOSPITAL,1,0,1,3,0,3,16,9,7,20,9,11,Private,9866000021,2021-05-09 03:53:02
Khammam,PRANEEL MULTI SPECIALITY HOSPITAL,6,6,0,7,7,0,7,6,1,20,19,1,Private,--,2021-05-09 04:00:42
Khammam,PRASANTHI HOSPITAL - KHAMMAM,10,10,0,7,7,0,3,3,0,20,20,0,Private,9705835301,2021-05-09 08:09:52
Khammam,PULSE HOSPITAL,2,2,0,4,4,0,4,4,0,10,10,0,Private,--,2021-05-09 09:36:57
Khammam,SAHASRA MULTI SPECIALTY HOSPITAL,2,2,0,5,3,2,5,5,0,12,10,2,Private,--,2021-05-09 07:09:45
Khammam,SAI RAM GASTRO & LIVER HOSPITAL,5,5,0,5,5,0,9,3,6,19,13,6,Private,--,2021-05-09 08:01:33
Khammam,"SAKETH KRISHNA HOSPITAL , WYRA",4,4,0,12,6,6,4,1,3,20,11,9,Private,9885579123,2021-05-09 11:23:10
Khammam,SAMATHA HOSPITAL - MADHIRA,15,6,9,5,4,1,5,0,5,25,10,15,Private,7659864934,2021-05-09 06:38:49
Khammam,SANKALPA CSTAR HOSPITAL - KHAMMAM,12,5,7,60,57,3,10,10,0,82,72,10,Private,9003584209,2021-05-09 10:35:00
Khammam,SEELAM HOSPITAL - KHAMMAM,3,3,0,7,7,0,8,6,2,18,16,2,Private,9959430003,2021-05-09 09:44:16
Khammam,SPARSHA NEURO EMARGENCY HOSPITAL KHAMMAM,18,8,10,20,13,7,12,0,12,50,21,29,Private,7702050946,2021-05-09 08:50:08
Khammam,"SRI ABHAYA HOSPITALS MULTISPECIALITY EMERGENCY AND CRITICAL CARE ,KHAMMAM",20,17,3,60,36,24,0,0,0,80,53,27,Private,9848417867,2021-05-09 15:16:32
Khammam,SRI BALAJI ASIAN HOSPITAL - KHAMMAM,16,6,10,15,15,0,9,7,2,40,28,12,Private,9866926022,2021-05-09 09:52:33
Khammam,"SRI BALAJI CHEST AND DIABETES HOSPITAL ,KHAMMAM",3,1,2,4,0,4,13,12,1,20,13,7,Private,9700335751,2021-05-09 07:51:21
Khammam,SRI BHAVANI HOSPITAL,3,2,1,4,3,1,11,10,1,18,15,3,Private,9246947888,2021-05-09 09:39:21
Khammam,"SRI KRISHNA HOSPITAL , KHAMMAM",5,5,0,10,7,3,7,6,1,22,18,4,Private,9912499164,2021-05-09 03:04:10
Khammam,SRI LAKSHMI MADHAVA HOSPITAL,0,0,0,7,0,7,4,0,4,11,0,11,Private,--,2021-05-09 07:54:34
Khammam,SRINIVASA HOSPITAL,0,0,0,7,2,5,15,11,4,22,13,9,Private,--,2021-05-09 09:23:06
Khammam,SRI RAKSHA HOSPITAL,2,2,0,2,2,0,8,5,3,12,9,3,Private,--,2021-05-09 09:45:00
Khammam,SRIRAM KIDNEY & INFERTILITY CENTRE HOSPITAL - KHAMMAM,0,0,0,19,7,12,6,0,6,25,7,18,Private,9966266645,2021-05-09 08:27:46
Khammam,SRI SAI MARUTHI GENERAL HOSPITAL KHAMMAM,10,4,6,8,8,0,2,1,1,20,13,7,Private,9849999792,2021-05-09 10:50:18
Khammam,SRI VINAYAKA SUPER SPECIALITY HOSPITAL,10,0,10,10,0,10,10,0,10,30,0,30,Private,9666988998,2021-05-09 07:54:32
Khammam,SUJATHA HOSPITAL & DIALYSIS CENTRE,4,4,0,6,3,3,10,8,2,20,15,5,Private,--,2021-05-09 11:46:50
Khammam,SURAKSHA HOSPITAL,16,10,6,30,14,16,14,12,2,60,36,24,Private,9966436426,2021-05-09 08:50:43
Khammam,"SWATHI HOSPITAL , KHAMMAM",10,8,2,3,3,0,12,9,3,25,20,5,Private,6281388276,2021-05-09 07:54:14
Khammam,TEJASWI HOSPITAL - KHAMMAM,20,11,9,6,3,3,6,0,6,32,14,18,Private,9154491522,2021-05-09 10:35:14
Khammam,TELANGANA HOSPITAL - KHAMMAM,10,0,10,0,0,0,10,8,2,20,8,12,Private,9010592739,2021-05-09 06:27:07
Khammam,"USHODAYA HOSPITALS , KHAMMAM",10,1,9,28,13,15,12,10,2,50,24,26,Private,9848454145,2021-05-09 07:47:30
Khammam,"VISHWAS MULTISPECIALITY HOSPITAL, KHAMMAM",12,8,4,12,9,3,12,10,2,36,27,9,Private,9208108108,2021-05-09 10:39:13
Komaram Bheem,ADITHYA NURSING HOME,18,0,18,2,0,2,0,0,0,20,0,20,Private,9440010586,2021-05-09 10:22:40
Komaram Bheem,KIMS HOSPITAL,38,14,24,2,2,0,10,0,10,50,16,34,Private,9908508520,2021-05-09 11:53:11
Komaram Bheem,LAXMI CARE HOSPITAL,11,0,11,0,0,0,0,0,0,11,0,11,Private,8328429208,2021-05-09 12:57:21
Komaram Bheem,NAZRZTH MISSION HOSPITAL,1,0,1,0,0,0,0,0,0,1,0,1,Private,9912204006,2021-05-09 12:25:26
Komaram Bheem,NEW CARE HOSPITAL,4,0,4,2,0,2,0,0,0,6,0,6,Private,8886948611,2021-05-09 08:13:48
Komaram Bheem,PRAJA LIFE CARE HOSPITAL,10,1,9,15,14,1,1,0,1,26,15,11,Private,7989318904,2021-05-09 12:01:35
Komaram Bheem,SRINIVASA CLINIC,2,0,2,0,0,0,0,0,0,2,0,2,Private,7386461701,2021-05-09 13:54:27
Komaram Bheem,VIJAYA HOSPITAL,10,0,10,2,0,2,0,0,0,12,0,12,Private,9849640656,2021-05-09 12:00:24
Komaram Bheem,VIJETHA HOSPITAL,2,0,2,2,0,2,4,0,4,8,0,8,Private,7013599871,2021-05-09 12:17:48
Mahabubabad,AKSHAYA HOSPITAL-MAHABUBABAD,5,5,0,5,5,0,2,2,0,12,12,0,Private,9842638209,2021-05-05 16:23:30
Mahabubabad,"SAI AMURUTHA,CHINITHAPALLY,THORRUR",2,0,2,3,1,2,0,0,0,5,1,4,Private,--,2021-05-09 07:53:59
Mahabubabad,SAI MULTISPECIALITY HOSPITAL BESIDE BUSTAND,20,0,20,23,20,3,14,1,13,57,21,36,Private,9676333833,2021-04-29 09:34:24
Mahabubabad,"SIDDHARATHA HOSPITAL.HNO, REDDY BAZAR.MAHABUBABAD.",10,2,8,7,5,2,7,5,2,24,12,12,Private,9573943355,2021-05-09 06:51:38
Mahabubnagar,AGUR PRIME HOSPITAL,10,4,6,4,4,0,4,4,0,18,12,6,Private,--,2021-05-09 14:38:42
Mahabubnagar,ANILS SURGICARE HOSPITAL,4,0,4,0,0,0,0,0,0,4,0,4,Private,9848421172,2021-05-09 12:00:08
Mahabubnagar,CSR CHILDRENS HOSPITAL,0,0,0,3,0,3,2,0,2,5,0,5,Private,--,2021-05-08 07:55:57
Mahabubnagar,"MALLIKA HOSPITAL SUPER SPECIALITY CENTRE-RAJENDRA NAGAR,MBNR",0,0,0,16,14,2,4,3,1,20,17,3,Private,9966431276,2021-05-09 04:33:05
Mahabubnagar,NAVODAYA INSTITUTE OF MEDICAL SCIENCE - MAHBUBNAGAR,30,25,5,12,12,0,46,44,2,88,81,7,Private,9346926084,2021-05-08 20:11:27
Mahabubnagar,NEHA SUNSHINE HOSPITAL - MAHABUBNAGAR,10,3,7,10,3,7,10,9,1,30,15,15,Private,7013496425,2021-05-09 11:30:36
Mahabubnagar,PANCHAVATI-MAHABUBNAGAR,0,0,0,54,53,1,26,24,2,80,77,3,Private,9738279000,2021-05-09 12:03:23
Mahabubnagar,SRI KRISHNA SUPER SPECIALITY HOSPITAL,2,1,1,0,0,0,14,10,4,16,11,5,Private,9399996623,2021-05-08 17:09:22
Mahabubnagar,SRI MEENAKSHI HOSPITAL,13,3,10,13,2,11,10,5,5,36,10,26,Private,--,2021-05-08 17:17:49
Mahabubnagar,SUSHRUTHA PEOPLE HOSPITAL - MAHABUBNAGAR,6,2,4,10,10,0,9,3,6,25,15,10,Private,9866457501,2021-05-08 16:24:03
Mahabubnagar,"SVS MEDICAL COLLEGE - YENUGONDA, MAHBUBNAGAR",100,13,87,200,65,135,50,6,44,350,84,266,Private,99634 63265,2021-05-09 10:51:39
Mahabubnagar,VAMSHI CBCC- JADCCHERLA,50,2,48,30,2,28,20,2,18,100,6,94,Private,9705007676,2021-05-08 11:50:51
Mahabubnagar,VEEKSHA HOSPITAL - MAHBUBNAGAR,9,9,0,10,7,3,11,7,4,30,23,7,Private,8074182963,2021-05-08 20:38:09
Mancherial,ABHAYA KIDNEY ANDMULTISPECIALTY HOSPITAL,0,0,0,0,0,0,13,11,2,13,11,2,Private,9866669432,2021-05-08 17:04:52
Mancherial,AMRUTHA HOSPITAL,13,0,13,8,3,5,9,7,2,30,10,20,Private,9553953374,2021-04-28 09:21:31
Mancherial,"ARYAN HOSPITAL , ISLAMPUR, BELLAMPALLY CHOWRASTHA MANCHERIAL",14,0,14,5,5,0,9,8,1,28,13,15,Private,9849535143,2021-05-04 12:06:34
Mancherial,CHANDRA HOSPITALS,0,0,0,0,0,0,15,15,0,15,15,0,Private,9489317667,2021-04-29 04:38:17
Mancherial,"HEALTH CARE HOSPITAL, MANCHERIAL",0,0,0,0,0,0,14,8,6,14,8,6,Private,9347610162,2021-05-08 20:19:48
Mancherial,"JAI SAI HOSPITAL , BELLAMPALLY CHOWRASTA , MANCHERIAL",4,0,4,6,0,6,7,0,7,17,0,17,Private,8686863667,2021-05-09 10:12:26
Mancherial,MAYURI HOSPITAL,0,0,0,0,0,0,20,7,13,20,7,13,Private,9110346771,2021-05-09 10:35:05
Mancherial,MEDILIFE MULTI SPECIALITY HOSPITAL,17,17,0,4,4,0,9,9,0,30,30,0,Private,9949940888,2021-05-09 00:21:37
Mancherial,MUKESH HOSPITALS,0,0,0,6,1,5,5,3,2,11,4,7,Private,9849114878,2021-05-08 12:44:16
Mancherial,OM SAI MULTISPECIALITY HOSPITAL,0,0,0,8,6,2,17,12,5,25,18,7,Private,9493969345,2021-05-09 09:56:39
Mancherial,PULSE CRITICAL CARE HOSPITAL,3,2,1,3,3,0,4,2,2,10,7,3,Private,9440769353,2021-05-09 07:32:44
Mancherial,SANJEEVANI HOSPITAL,6,0,6,0,0,0,5,0,5,11,0,11,Private,9966247347,2021-05-09 13:40:59
Mancherial,"SRI AGASTYA INSTITUTE OF MEDICAL SCIENCE ( AIMS HOSPITAL),",9,4,5,5,3,2,15,2,13,29,9,20,Private,9550415582,2021-04-29 08:07:39
Mancherial,SRI GANESH HOSPITAL - MANCHERIAL,15,5,10,10,5,5,12,5,7,37,15,22,Private,9550251255,2021-05-09 14:37:31
Mancherial,"SRI KRISHNA HOSPITAL,MANCHERIAL",0,0,0,10,8,2,8,5,3,18,13,5,Private,9849273774,2021-05-07 11:23:32
Mancherial,SRI MITHRA MULTISPECIALITY HOSPITAL,5,1,4,4,3,1,4,3,1,13,7,6,Private,9908595420,2021-04-25 12:46:57
Mancherial,SRINIDHI HOSPITAL,4,0,4,3,0,3,6,0,6,13,0,13,Private,9849633643,2021-04-26 20:59:07
Mancherial,SRI RAKSHA HOSPITAL - MANCHERIAL,0,0,0,15,15,0,10,10,0,25,25,0,Private,9618736838,2021-05-08 23:05:57
Mancherial,SRI SAI LIFELINE HOSPITAL - MANCHERIAL,0,0,0,13,1,12,17,6,11,30,7,23,Private,9505697919,2021-05-08 20:25:23
Mancherial,"SUN CRITICAL CARE, TRUMA CARE AND MULTISPECIALITY HOSPITAL",0,0,0,9,7,2,12,12,0,21,19,2,Private,--,2021-05-08 15:05:02
Mancherial,SURAKASHA HOSPITAL,0,0,0,5,2,3,10,2,8,15,4,11,Private,6302875970,2021-05-07 06:34:09
Medak,AMMA NURSING HOME,18,0,18,2,0,2,0,0,0,20,0,20,Private,9951940002,2021-05-05 16:16:52
Medak,ANNAPURNA NURSING HOME,10,0,10,4,0,4,0,0,0,14,0,14,Private,9618423442,2021-05-05 16:17:10
Medak,ANURADHA NURSING HOME,8,0,8,2,0,2,0,0,0,10,0,10,Private,9908255590,2021-05-06 16:06:16
Medak,BALAJI NURSING HOME RAMAYAMPET,18,0,18,2,0,2,0,0,0,20,0,20,Private,9848945338,2021-05-05 16:14:10
Medak,BEST HOSPITAL,5,0,5,6,0,6,0,0,0,11,0,11,Private,9989098177,2021-05-06 16:06:37
Medak,BHARGAVI NURSING HOME,3,0,3,2,0,2,0,0,0,5,0,5,Private,9440022010,2021-05-05 16:17:22
Medak,DANGORIA CHARITABLE TURST,20,0,20,0,0,0,0,0,0,20,0,20,Private,9440049586,2021-05-05 16:17:34
Medak,GANESH HOSPITAL,7,0,7,0,0,0,0,0,0,7,0,7,Private,7989633131,2021-05-05 16:18:47
Medak,GEETHA NNURSING HOME,8,0,8,2,0,2,0,0,0,10,0,10,Private,9052029289,2021-05-05 16:19:06
Medak,HELP HOSPITAL,3,0,3,2,0,2,0,0,0,5,0,5,Private,9000073884,2021-05-06 16:06:55
Medak,JAYAKRISHNA HOSPITAL,12,0,12,3,0,3,0,0,0,15,0,15,Private,9440021497,2021-05-06 16:07:15
Medak,JAYA LAXMI ORTHOSPIC HOSPITAL,14,0,14,2,0,2,0,0,0,16,0,16,Private,9848308610,2021-05-05 16:13:57
Medak,JYOTHI NURSING HOME,11,0,11,0,0,0,0,0,0,11,0,11,Private,9989098177,2021-05-06 16:07:38
Medak,"LALITHA DEVI NURSING HOME, RAMAYAMPET",16,5,11,2,2,0,2,0,2,20,7,13,Private,9866864662,2021-05-05 16:14:23
Medak,LIFE CARE NURSING HOME,10,0,10,6,0,6,0,0,0,16,0,16,Private,9440486558,2021-05-06 16:08:03
Medak,MADHAVI NURSING HOME,8,0,8,2,0,2,0,0,0,10,0,10,Private,9866101318,2021-05-05 16:18:32
Medak,"MAHESHWARA MEDICAL COLLEGE, CHITKU. VILLAGE, MEDAK",450,11,439,95,2,93,75,15,60,620,28,592,Private,9849529783,2021-05-03 11:22:44
Medak,MEDAK NEURO SUPER SPECIALTY HOSPITAL,6,0,6,2,0,2,0,0,0,8,0,8,Private,8147725067,2021-05-06 16:08:38
Medak,MEDAK NURSING HOME,2,0,2,2,0,2,3,0,3,7,0,7,Private,9704063455,2021-05-06 16:09:19
Medak,MEDAK ORTHOPEDIC AND GENERAL HOSPITAL,10,0,10,10,0,10,1,0,1,21,0,21,Private,9866093923,2021-05-05 16:08:46
Medak,MEGA HOSPITAL,8,0,8,2,0,2,0,0,0,10,0,10,Private,9502990066,2021-05-05 16:17:47
Medak,MNR MEDICAL COLLEGE & HOSPITAL - MEDAK,150,3,147,70,33,37,10,10,0,230,46,184,Private,7330999246,2021-04-30 17:34:40
Medak,NAREN HOSPITAL,4,2,2,4,4,0,0,0,0,8,6,2,Private,7799341041,2021-05-05 16:14:36
Medak,NIHAAL NURSING HOME,10,0,10,5,0,5,0,0,0,15,0,15,Private,9440885464,2021-05-05 16:09:02
Medak,OKAZ MULTI SPECIALITY HOSPITAL,6,0,6,2,0,2,0,0,0,8,0,8,Private,9908382091,2021-05-05 16:09:15
Medak,PADMALAYA HOSPITAL,15,0,15,5,0,5,0,0,0,20,0,20,Private,9959801399,2021-05-05 16:15:56
Medak,PULSE HOSPITAL,5,0,5,4,0,4,0,0,0,9,0,9,Private,9959474132,2021-05-05 16:09:30
Medak,PUSHPA CHILDRENS HOSPITAL,8,0,8,2,0,2,0,0,0,10,0,10,Private,9393940555,2021-05-05 16:09:42
Medak,SAI DATTA NURSING HOME,8,0,8,2,0,2,0,0,0,10,0,10,Private,9849721334,2021-05-05 16:10:28
Medak,SATHWIK HOSPITAL,8,0,8,2,0,2,0,0,0,10,0,10,Private,9963432646,2021-05-05 16:10:41
Medak,SHIVA DATTA HOSPITAL,8,0,8,2,0,2,0,0,0,10,0,10,Private,9908836015,2021-05-05 16:16:38
Medak,SHIVA JYOTHI NURSING HOME,2,0,2,0,0,0,0,0,0,2,0,2,Private,8500201229,2021-05-05 16:11:47
Medak,SHIVANANDA HOSPITAL,8,0,8,2,0,2,0,0,0,10,0,10,Private,9440383819,2021-05-05 16:12:01
Medak,SIRI MATERNITY NURSING HOME,3,0,3,2,0,2,0,0,0,5,0,5,Private,9849031699,2021-05-05 16:17:59
Medak,SRI AKSHAYA ORTHOPEDIC HOSPITAL,4,0,4,0,0,0,0,0,0,4,0,4,Private,9000884203,2021-05-05 16:18:11
Medak,SRI BHARATH CHILDRENS HOSPITAL,8,0,8,2,0,2,0,0,0,10,0,10,Private,9704149162,2021-05-05 16:12:15
Medak,SRI BHARATHI NURSING HOME,8,0,8,2,0,2,0,0,0,10,0,10,Private,9291664433,2021-05-05 16:12:27
Medak,SRI GAYATRI HOSPITAL,15,0,15,5,0,5,0,0,0,20,0,20,Private,9440386082,2021-05-05 16:16:10
Medak,SRI MALLAGOUD HOSPITAL,8,0,8,2,0,2,0,0,0,10,0,10,Private,9542392935,2021-05-05 16:20:07
Medak,SRI MANJEERA HOSPITAL,0,0,0,4,0,4,0,0,0,4,0,4,Private,9553777007,2021-05-05 16:13:44
Medak,SRINIVASA NURSING HOME RAMAYAMPET,8,4,4,2,1,1,0,0,0,10,5,5,Private,9989230500,2021-05-05 16:15:25
Medak,SRI RAGAVENDRA NURSING HOME,8,0,8,2,0,2,0,0,0,10,0,10,Private,9440479762,2021-05-05 16:19:18
Medak,SRI SAI CHANDRA NURSING HOME,16,0,16,4,0,4,0,0,0,20,0,20,Private,9440003944,2021-05-05 16:12:39
Medak,SRI SAI HOSPITAL RAMAYAMPET,4,0,4,4,0,4,0,0,0,8,0,8,Private,9963813690,2021-05-05 16:14:51
Medak,SRI SAIKRISHNA NURSING HOME RAMAYAMPET,10,4,6,5,2,3,0,0,0,15,6,9,Private,9440006395,2021-05-05 16:15:09
Medak,SRI SAI KRISHNA TOOPRAN NURSING HOME,6,0,6,2,0,2,2,0,2,10,0,10,Private,9849351056,2021-05-05 16:19:30
Medak,SRI SURYA NURSING HOME,10,0,10,0,0,0,0,0,0,10,0,10,Private,9440006013,2021-05-05 16:12:53
Medak,SRI VENKATESHWARA NURSING HOME,8,0,8,2,0,2,0,0,0,10,0,10,Private,9441537155,2021-05-05 16:20:35
Medak,SRK HOSPITAL,8,0,8,2,0,2,0,0,0,10,0,10,Private,7337083059,2021-05-05 16:19:55
Medak,SUFI HOSPITAL,15,12,3,2,2,0,8,4,4,25,18,7,Private,7358568276,2021-05-05 16:13:06
Medak,SUSHMA HOSPITAL,10,0,10,5,0,5,0,0,0,15,0,15,Private,9440132700,2021-05-05 16:19:43
Medak,TVP CHARY NURSINGH HOME,8,0,8,2,0,2,0,0,0,10,0,10,Private,9000751141,2021-05-05 16:20:23
Medak,UMA SANGAMESHWARA NURSING HOME,15,0,15,0,0,0,0,0,0,15,0,15,Private,9440227742,2021-05-05 16:16:23
Medak,YASHASVI CHILDREN HOSPITAL,8,0,8,3,0,3,0,0,0,11,0,11,Private,8464927644,2021-05-05 16:15:38
Medchal,"AADITYA HOSPITAL, ALWAL",16,4,12,0,0,0,4,0,4,20,4,16,Private,9030817553,2021-05-09 13:47:39
Medchal,"AASHRITHA HOSPITAL,MALLAPUR",37,0,37,5,0,5,10,1,9,52,1,51,Private,9502742949,2021-04-28 08:05:53
Medchal,ABR NEURO HOSPITAL-UPPAL,5,3,2,5,4,1,0,0,0,10,7,3,Private,9666285966,2021-05-09 12:04:58
Medchal,"ADITHYA HOSPITALS, MEDCHAL",6,1,5,8,0,8,9,8,1,23,9,14,Private,9848278370,2021-05-02 19:51:36
Medchal,ADITHYA HOSPITAL - UPPAL,12,12,0,16,16,0,6,6,0,34,34,0,Private,9848844610,2021-05-09 11:50:04
Medchal,ADRM HOSPITAL-RAMANTHAPUR,6,4,2,4,4,0,0,0,0,10,8,2,Private,9959656775,2021-05-09 07:28:56
Medchal,ADVANCED ENDOCRINE AND DIABETES HOSPITAL-KUKATPALLY,5,3,2,5,3,2,2,2,0,12,8,4,Private,8885321212,2021-05-06 23:44:37
Medchal,"ADVITHA CHILDREN AND MULTISPEICALITY HOSPTIAL (A UNIT OF ASHITHA HEALTH CARE), MEDCHAL",10,8,2,14,14,0,4,4,0,28,26,2,Private,9966666360,2021-05-09 14:32:26
Medchal,AMRITA ENT HEAD AND NECK HOSPITAL,6,3,3,7,5,2,4,3,1,17,11,6,Private,7702965698,2021-05-09 12:12:12
Medchal,"ANKURA HOSPITAL FOR WOMEN AND CHILDREN( A UNIT OF ANKURA MEDICAL AND RESEARCH PVT LTD), KUKATPALLY",6,0,6,5,0,5,9,0,9,20,0,20,Private,9866283693,2021-04-24 07:54:28
Medchal,"ANKURA KODALI HOSPITAL FOR WOMEN AND CHILDREN, BALANAGAR",0,0,0,18,13,5,0,0,0,18,13,5,Private,9966759989,2021-05-08 16:34:49
Medchal,"ANUKRISHNA HOSPITAL, MALKAJGIRI",20,10,10,5,0,5,6,4,2,31,14,17,Private,6300134614,2021-04-29 09:02:36
Medchal,APEX HOSPITAL - UPPAL,4,4,0,5,5,0,6,6,0,15,15,0,Private,9885513204,2021-05-09 10:23:06
Medchal,"ARC HOSPITAL, ECIL",2,0,2,1,0,1,0,0,0,3,0,3,Private,9348227797,2021-05-09 14:29:34
Medchal,"ARKE HOSPITAL(TRAUMA ORTHOPAEDICS CRITICAL CARE), KOMPALLY",0,0,0,18,18,0,11,11,0,29,29,0,Private,9849634090,2021-05-08 23:01:21
Medchal,ARUNA HOSPITAL- KAPRA,9,0,9,9,0,9,7,0,7,25,0,25,Private,9849400049,2021-05-09 10:23:26
Medchal,ASHA HOSPITAL - A S RAO NAGAR,2,0,2,27,26,1,19,19,0,48,45,3,Private,9989050743,2021-05-09 12:36:55
Medchal,BBR SUPERSPECIALITY HOSPITAL - BALANAGAR,9,9,0,34,34,0,5,4,1,48,47,1,Private,9849879993,2021-05-09 14:27:39
Medchal,BHASKARA HOSPITAL-SHAPURNAGAR,5,5,0,15,15,0,0,0,0,20,20,0,Private,9000782510,2021-05-09 10:02:59
Medchal,B.N LATHA HOSPITAL MALLAPUR,13,0,13,2,2,0,0,0,0,15,2,13,Private,9100800445,2021-05-09 10:04:34
Medchal,"CALCIUM HOSPITAL, NIZAMPET",2,0,2,2,0,2,0,0,0,4,0,4,Private,9392460662,2021-05-04 11:55:24
Medchal,CHANDAMAMA HOSPITAL-NACHARAM,5,1,4,3,1,2,0,0,0,8,2,6,Private,9246543045,2021-05-09 07:23:11
Medchal,CHITRA HOSPITAL-BODUPPAL,10,0,10,10,5,5,0,0,0,20,5,15,Private,9986970960,2021-05-08 15:47:12
Medchal,"CURE HOSPITALS VIJAYAPURI HOSPITALS,GHATKESAR",5,4,1,5,0,5,6,4,2,16,8,8,Private,9502319879,2021-04-28 12:18:15
Medchal,CYGNUS INSTITUTE OF GASTROENTEROLOGY-KUKATPALLY,10,10,0,10,10,0,14,13,1,34,33,1,Private,9866755573,2021-05-09 11:03:48
Medchal,DIVYANSH HOSPITAL- NAGARAM KEESARA,6,5,1,7,6,1,6,6,0,19,17,2,Private,9885634512,2021-05-08 07:49:10
Medchal,DR AVANINDS ENT AND EYE HOSPITAL-SUCHITRA CIRCLE,0,0,0,17,10,7,4,0,4,21,10,11,Private,8096173483,2021-05-08 13:00:48
Medchal,DR CARE DENTAL AND MEDICAL HOSPITAL-ECIL,4,0,4,0,0,0,0,0,0,4,0,4,Private,9700627444,2021-05-08 09:51:02
Medchal,EXCEL HOSPITAL - ALWAL,6,6,0,28,28,0,8,8,0,42,42,0,Private,9700490049,2021-05-08 07:43:20
Medchal,GAYATHRI HOSPITAL - KUKATPALLY,0,0,0,9,8,1,2,1,1,11,9,2,Private,9573457056,2021-05-09 06:52:36
Medchal,GNR MULTISPECIALITY HOSPITAL ALWAL,20,4,16,10,8,2,10,6,4,40,18,22,Private,8555093529,2021-05-08 13:50:54
Medchal,HAPPY CHILDRENS HOSPITAL-CHINTAL,5,3,2,5,3,2,10,5,5,20,11,9,Private,9346134567,2021-05-09 08:26:37
Medchal,JR REDDY LIONS CLUB HOSPITAL -NAGARAM KEESARA,6,3,3,6,6,0,8,8,0,20,17,3,Private,7731930201,2021-05-09 10:23:23
Medchal,JUBLIEE HOSPITALS - ALWAL,10,6,4,15,15,0,5,5,0,30,26,4,Private,9100115340,2021-05-09 08:59:58
Medchal,KAKATIYA HOSPITAL - UPPAL,14,0,14,17,13,4,9,6,3,40,19,21,Private,9381370144,2021-05-09 09:02:44
Medchal,"KEERTHI HOSPITAL, KEESARA",5,1,4,10,8,2,2,2,0,17,11,6,Private,9951051258,2021-04-29 09:53:03
Medchal,"KIDCARE HOSPITAL, BALANAGAR",8,2,6,0,0,0,3,0,3,11,2,9,Private,9182972309,2021-04-23 15:15:54
Medchal,KK REDDY HOSPITAL - KPHB COLONY,10,10,0,8,8,0,6,6,0,24,24,0,Private,8143010104,2021-05-09 12:20:49
Medchal,"KONARK HOSPITALS, QUTHBULLAPUR",10,0,10,10,5,5,16,8,8,36,13,23,Private,--,2021-04-29 07:27:30
Medchal,KS HOSPITAL MULTI SPECIALITY HOSPITAL - OLD BOWENPALLY,10,0,10,10,10,0,13,10,3,33,20,13,Private,9700115963,2021-05-05 22:42:06
Medchal,LAKSHMI PRIYA NURSING HOME-UPPAL,8,2,6,4,4,0,3,3,0,15,9,6,Private,9059123135,2021-05-09 12:12:27
Medchal,"LAND MARK HOSPITAL (A UNIT OF CAPITAL HEALTH SERICES INDIA PRIVATE LIMITED), KUKATPALLY",2,2,0,18,18,0,6,6,0,26,26,0,Private,8686852020,2021-05-04 17:06:34
Medchal,LEAF MULTISPECIALITY HOSPITAL BORBANDA,2,2,0,20,10,10,6,6,0,28,18,10,Private,7013160090,2021-05-09 14:09:58
Medchal,"LEELA HOSPITAL, MOTHI NAGAR.",5,0,5,0,0,0,4,3,1,9,3,6,Private,--,2021-05-08 11:57:24
Medchal,"LEELA HOSPITAL (SRK HEALTH CARE), MEDCHAL",10,3,7,15,11,4,5,5,0,30,19,11,Private,7989798679,2021-05-09 12:02:33
Medchal,LIFELINE-ECIL,6,6,0,36,36,0,8,8,0,50,50,0,Private,8885568186,2021-05-09 12:24:53
Medchal,LIFELINE MEDICURE HOSPITAL - ALWAL,10,0,10,35,31,4,10,10,0,55,41,14,Private,8096953645,2021-05-09 14:45:45
Medchal,"LOTUS HOSPITAL FOR WOMEN AND CHILDREN, KUKATPALLY",6,0,6,14,14,0,0,0,0,20,14,6,Private,9866056385,2021-05-07 12:02:18
Medchal,MALLA REDDY MEDICAL COLLEGE FOR WOMEN - SURARAM X ROAD,400,58,342,70,44,26,24,24,0,494,126,368,Private,8790387903,2021-05-08 09:25:07
Medchal,MALLA REDDY NARAYANA MULTISPECIALITY HOSPITALA UNIT OF CHANDRAMMA EDUCATIONAL SOCIETY,0,0,0,164,164,0,60,60,0,224,224,0,Private,8790387903,2021-05-09 11:12:36
Medchal,MAMATA ACADEMY OF MEDICAL SCIENCES - BACHUPALLY,135,0,135,15,0,15,10,0,10,160,0,160,Private,7893211777,2021-05-08 10:15:09
Medchal,MANA HOSPITAL KUKATPALLY,0,0,0,30,30,0,0,0,0,30,30,0,Private,9885912014,2021-05-09 05:58:49
Medchal,MATRIX HOSPITAL - RAMANTHAPUR,10,10,0,20,18,2,0,0,0,30,28,2,Private,9246872578,2021-05-09 03:49:47
Medchal,"MAX HEALTH HOSPITAL, KUKATPALLY",18,18,0,10,10,0,22,22,0,50,50,0,Private,9966256464,2021-05-09 14:45:12
Medchal,"MAXWELL HOSPITAL , MEDCHAL",10,0,10,10,7,3,10,0,10,30,7,23,Private,7989343094,2021-05-09 13:18:04
Medchal,MCS NEURO HOSPITAL,20,7,13,14,6,8,7,4,3,41,17,24,Private,9848051527,2021-05-09 09:59:02
Medchal,MEDIVISION HOSPITAL - SHAPUR,8,6,2,36,31,5,16,14,2,60,51,9,Private,8074171948,2021-05-08 10:47:12
Medchal,"MEDWISE HOSPITAL, KPHB",10,8,2,10,10,0,6,2,4,26,20,6,Private,9100686380,2021-04-29 09:53:26
Medchal,MEENA MULTISPECIALITY HOSPITAL-ALWAL,9,9,0,4,4,0,10,10,0,23,23,0,Private,8686224400,2021-05-09 11:46:48
Medchal,METRO CITY HOSPITAL-NAGOLE,10,0,10,4,2,2,0,0,0,14,2,12,Private,9394034249,2021-05-09 14:33:56
Medchal,MURUGAN HOSPITAL- PEERZADIGUDA,15,6,9,8,5,3,15,9,6,38,20,18,Private,9010304133,2021-05-09 14:27:23
Medchal,NANDHINI-SAINIKPURI,7,6,1,10,9,1,3,2,1,20,17,3,Private,9666656328,2021-05-09 09:03:49
Medchal,NEERUJA REHABILATION CENTRE AND NURSING HOME,0,0,0,16,12,3,0,0,0,16,12,3,Private,9849038265,2021-05-08 20:04:30
Medchal,"NEW LIFE CARE HOSPITAL, UPPAL",13,6,7,8,7,1,5,3,2,26,16,10,Private,9848776644,2021-05-06 20:11:06
Medchal,OMNI HOSPITAL - KUKATPALLY,10,10,0,55,55,0,35,35,0,100,100,0,Private,9492433427,2021-05-09 14:52:44
Medchal,PADMAJA HOSPITALS - KUKATPALLY,20,20,0,15,15,0,17,17,0,52,52,0,Private,8019022770,2021-05-09 12:00:45
Medchal,"PARAMITHA CHILDRENS HOSPITAL, QUTHBULLAPUR",10,8,2,25,22,3,8,2,6,43,32,11,Private,9849634090,2021-04-29 08:31:05
Medchal,POULAMI HOSPITAL - A S RAO NAGAR,7,7,0,11,11,0,7,7,0,25,25,0,Private,9603755354,2021-05-09 09:29:57
Medchal,PRAGNYA HOSPITAL -MEDCHAL,10,0,10,8,4,4,10,8,2,28,12,16,Private,9885252833,2021-05-02 21:30:58
Medchal,PRASAD HOSPITAL - NACHARAM,15,3,12,25,20,5,23,23,0,63,46,17,Private,9951454074,2021-05-09 10:05:38
Medchal,PRASAD MULTISPECIALITY HOSPITAL - KPHB,10,10,0,36,36,0,14,14,0,60,60,0,Private,9700127576,2021-05-09 08:08:36
Medchal,"PRATHIMA HOSPITALS, KUKATPALLY",18,16,2,34,25,9,23,11,12,75,52,23,Private,9989050743,2021-04-20 13:23:46
Medchal,PULSE HEART CENTRE - KPHB COLONY,8,8,0,2,2,0,20,20,0,30,30,0,Private,9848014716,2021-05-09 12:28:58
Medchal,RAGHAVENDRA HOSPITAL - NEW BOWENPALLY,4,4,0,24,16,8,22,17,5,50,37,13,Private,9030071786,2021-05-09 08:59:15
Medchal,"RAINBOW CHILDRENS MEDICARE PVT LTD, KUKATPALLY",0,0,0,3,0,3,2,0,2,5,0,5,Private,9100858541,2021-05-08 16:51:09
Medchal,RAJESHWARI MULTI SPECIALITY HOSPITAL-KOTHAPET,8,1,7,5,5,0,3,0,3,16,6,10,Private,9849185839,2021-05-09 07:21:41
Medchal,"RAMANTHAPUR HOSPITAL, RAMANTHAPUR",12,12,0,4,4,0,0,0,0,16,16,0,Private,9963344458,2021-05-08 21:34:20
Medchal,RAMESH NEURO & CRITICAL CARE UNIT-CHINTAL,1,1,0,16,15,1,8,8,0,25,24,1,Private,9948536436,2021-05-08 09:24:27
Medchal,RAMRAJ-JEEDIMETLA,20,6,14,24,13,11,13,13,0,57,32,25,Private,9440240324,2021-05-09 04:27:15
Medchal,RAMYA HOSPITAL - OLD BOWENPALLY,17,5,12,13,6,7,6,4,2,36,15,21,Private,9666911868,2021-05-09 12:39:23
Medchal,"RANOVA BALAJI HOSPITAL (A UNIT OF SIVA RAMA HOSPITALS), MEDCHAL ROAD",33,33,0,11,11,0,8,8,0,52,52,0,Private,9989143340,2021-05-09 10:59:51
Medchal,RAVI HOSPITAL- KUKATPALLY,10,10,0,10,10,0,10,10,0,30,30,0,Private,9494983533,2021-05-01 12:27:10
Medchal,"RBM HOSPITAL, UPPAL",10,4,6,10,9,1,10,6,4,30,19,11,Private,9291595995,2021-04-27 21:03:00
Medchal,REMEDY HOSPITAL - KUKATPALLY,32,32,0,15,15,0,17,17,0,64,64,0,Private,8555866548,2021-05-09 14:54:02
Medchal,RUSH HOSPITALS - SUCHITRA CIRCLE,25,23,2,11,9,2,29,28,1,65,60,5,Private,9246569694,2021-05-09 14:34:39
Medchal,SAFE SUPERSPECIALITY HOSPITAL - SUCHITRA CIRCLE,15,15,0,15,15,0,20,20,0,50,50,0,Private,8008309744,2021-05-08 13:45:40
Medchal,"SAI ANITHA MULTISPECIALITY HOSPITAL, NEAR UPPAL DEPOT",4,0,4,4,0,4,0,0,0,8,0,8,Private,--,2021-05-04 17:16:45
Medchal,SAI SAJEEVINI WOMEN AND CHILDRENS HOSPITAL-KUKATPALLY,10,0,10,10,2,8,5,0,5,25,2,23,Private,9912401980,2021-05-08 00:42:42
Medchal,"SAI SIDDARTHA HOSPITAL, SHAPUR NAGAR",5,2,3,25,18,7,7,6,1,37,26,11,Private,--,2021-05-08 17:58:56
Medchal,SANKHYA HOSPITAL - KPHB COLONY,5,5,0,22,22,0,7,7,0,34,34,0,Private,9052222622,2021-05-09 08:17:40
Medchal,SAVE HOSPITAL - UPPAL,2,2,0,6,6,0,0,0,0,8,8,0,Private,9100582795,2021-05-04 15:10:28
Medchal,SHREYAS HOSPITAL - ECIL,3,3,0,16,16,0,19,19,0,38,38,0,Private,9246245811,2021-05-09 09:36:11
Medchal,"SHRI WAZRA MULTISPECIALITY HOSPITALS, GHATKESAR",87,7,80,2,0,2,11,0,11,100,7,93,Private,7893412872,2021-04-29 08:41:25
Medchal,SIA MULTISPECIALITY REHABILITATION CENTRE (ISOLATION FACILITY WITH MEDICAL SUPERVISION) - KUKATPALLY,0,0,0,36,34,2,8,6,2,44,40,4,Private,8341246857,2021-05-09 09:12:07
Medchal,SIGMA HOSPITAL - JEEDIMETLA,8,8,0,12,9,3,4,3,1,24,20,4,Private,7993521438,2021-05-02 08:52:31
Medchal,"SIRI ABHAYA HOSPITAL, KEESARA",5,3,2,12,4,7,4,1,2,21,8,11,Private,9441117526,2021-04-28 12:09:54
Medchal,SKIMS HOSPITAL - UPPAL,30,30,0,50,50,0,21,21,0,101,101,0,Private,9701667662,2021-04-15 09:32:16
Medchal,SLG HOSPITAL - BACHUPALLY,0,0,0,175,168,7,60,59,1,235,227,8,Private,6303284571,2021-05-06 12:39:23
Medchal,"SOORYA HOSPITALS, MEDCHAL",0,0,0,30,30,0,15,15,0,45,45,0,Private,9642477578,2021-05-09 12:06:52
Medchal,SPARK HOSPITAL - PEERJADIGUDA,5,3,2,12,9,3,8,6,2,25,18,7,Private,9866817252,2021-05-09 09:37:39
Medchal,SREE GOWRI HOSPITAL - KPHB,13,6,7,22,0,22,9,0,9,44,6,38,Private,6304828547,2021-05-09 08:20:36
Medchal,SRI ADHITHYA-DAMMAIGUDA,10,9,1,12,9,3,14,9,5,36,27,9,Private,9642665678,2021-05-09 07:26:29
Medchal,SRIDHARANI-NAGARAM,2,2,0,5,5,0,6,6,0,13,13,0,Private,9392509124,2021-05-09 15:19:59
Medchal,SRI HASINI HOSPITAL-GAJULAMARAM,5,2,3,3,1,2,2,0,2,10,3,7,Private,8008649579,2021-05-08 12:00:59
Medchal,"SRI HEALTH CARE MULTISPECIALITY HOSPITAL, UPPAL",5,0,5,5,2,3,0,0,0,10,2,8,Private,9949708268,2021-04-29 08:28:02
Medchal,SRI HOSPITAL-SHAPURNAGAR,8,0,8,8,4,4,4,0,4,20,4,16,Private,7799922077,2021-05-09 10:00:09
Medchal,"SRIKARA HOSPITAL - KOMPALLY, MEDCHAL",15,12,3,20,15,5,15,15,0,50,42,8,Private,9030071786,2021-05-08 07:47:15
Medchal,"SRI LAXMI MULTISPECAILITY HOSPITAL LAPROSCOPIC AND RESEARCH CENTRE, NAGOLE-UPPAL",5,0,5,5,0,5,0,0,0,10,0,10,Private,9848814267,2021-04-29 09:21:49
Medchal,SRI NANDHAKA FERTILITY AND LAPRO SCOPIC CENTER-MEDCHAL,2,2,0,8,8,0,5,5,0,15,15,0,Private,9491338011,2021-05-09 15:32:15
Medchal,SRINIVAS CHILDRENS AND GENERAL HOSPITAL-KUKATPALLY,8,7,1,12,5,7,0,0,0,20,12,8,Private,8008823040,2021-05-07 16:27:52
Medchal,"SRI SAI HOSPITAL, MEDIPALLY",10,0,10,10,6,4,16,2,14,36,8,28,Private,9912104211,2021-05-09 15:17:15
Medchal,"SRI SANJEEVINI MULTISPECIALITY HOSPITAL, ALWAL",10,0,10,7,4,3,3,0,3,20,4,16,Private,9100176451,2021-05-06 20:28:28
Medchal,SRI SRI HOLISTIC HOSPITAL A UNIT OF SREE RAMCHANDRA HEALTH SERVICES PRIVATE LIMITED,60,52,8,50,45,5,37,33,4,147,130,17,Private,8886610105,2021-05-09 11:56:10
Medchal,SRI SWASTHIK HOSPITAL - BACHUPALLY,8,8,0,10,10,0,7,7,0,25,25,0,Private,7901238439,2021-05-09 13:58:11
Medchal,SRUJANA HOSPITAL - QUTHBULLAPUR,10,4,6,14,10,4,10,2,8,34,16,18,Private,9492530883,2021-05-09 12:32:13
Medchal,STORK HOSPITALS PVT LTD -PETBASHEERABAD,10,10,0,10,10,0,12,12,0,32,32,0,Private,9550400852,2021-05-02 19:55:56
Medchal,SUBHIKSHA HOSPITAL - KPHB,1,0,1,13,6,7,7,6,1,21,12,9,Private,8464990055,2021-05-07 12:54:55
Medchal,"SUMANA HOSPITAL, KUKATPALLY",0,0,0,19,13,6,8,7,1,27,20,7,Private,9515865105,2021-04-29 08:26:04
Medchal,"SUMITHRA HOSPITALS PVT LTD, UPPAL",25,2,23,17,9,8,0,0,0,42,11,31,Private,9912228489,2021-05-08 20:04:21
Medchal,SUN LIFES HOSPITAL - DAMMAIGUDA,10,3,7,10,2,8,10,0,10,30,5,25,Private,9100099908,2021-05-09 09:19:55
Medchal,SUNRAYS HOSPITAL- NAGOLE,14,2,12,5,2,3,6,0,6,25,4,21,Private,9603811101,2021-05-08 11:52:33
Medchal,SURAKSHAKA DIABETIC CENTRE - KPHB,21,3,18,11,6,5,9,4,5,41,13,28,Private,8886668020,2021-05-09 08:39:29
Medchal,"SURAKSHAKA WOMEN AND CHILDREN HOSPITAL, KOMPALLY",10,0,10,0,0,0,0,0,0,10,0,10,Private,--,2021-04-28 20:50:39
Medchal,"THATHA HOSPITAL, ECIL",16,14,2,30,24,6,14,10,4,60,48,12,Private,9885330488,2021-05-09 00:04:30
Medchal,"TREATMENT RANGE HOSPITAL PVT LTD, KUKATPALLY",3,3,0,10,6,4,6,6,0,19,15,4,Private,--,2021-04-28 11:10:29
Medchal,TULASI - ECIL,25,15,10,20,17,3,10,9,1,55,41,14,Private,8096998813,2021-05-09 08:48:19
Medchal,"TX HOSPITSLS, UPPAL",20,20,0,40,40,0,41,41,0,101,101,0,Private,9701667662,2021-05-09 12:22:12
Medchal,"UDBHAVA CHILDRENS HOSPITAL, KPHB COLONY",20,20,0,10,10,0,0,0,0,30,30,0,Private,9248004438,2021-05-09 13:57:33
Medchal,"VAJRA HOSPITALS, MEDCHAL",10,0,10,8,5,3,8,8,0,26,13,13,Private,9948533625,2021-05-09 10:22:02
Medchal,VARA NURSING HOME-NARAPALY,6,0,6,5,1,4,4,0,4,15,1,14,Private,8019663663,2021-05-09 15:09:21
Medchal,VASU ND HARA HOSPITAL- MOOSAPET,16,2,14,4,4,0,0,0,0,20,6,14,Private,9848814267,2021-05-09 12:51:01
Medchal,VENNELA HOSPITAL OLD BOWENPALLY,6,1,5,10,4,6,4,2,2,20,7,13,Private,7661021344,2021-05-09 11:52:50
Medchal,"VIJAYA HOSPITAL, KEESARA",10,2,8,20,10,10,10,4,6,40,16,24,Private,9848857837,2021-05-08 12:57:53
Medchal,"VR MULTISPECIALITY HOSPITAL, NEW BOWENPALLY",0,0,0,10,10,0,20,14,6,30,24,6,Private,7288999960,2021-05-09 11:56:51
Medchal,XENIA HOSPITALS - ECIL,8,7,1,8,8,0,4,4,0,20,19,1,Private,7799612521,2021-05-09 12:20:50
Nagarkurnool,ANITHA CAREWELL HOSPITAL,9,0,9,1,0,1,0,0,0,10,0,10,Private,9440295252,2021-05-07 12:14:57
Nagarkurnool,CBM PRAJA VAIDHYASHALA,23,0,23,1,0,1,1,0,1,25,0,25,Private,9652442233,2021-04-26 17:12:25
Nagarkurnool,CHINTALA NARAYAN REDDY (CNR) MEMORIAL HOSPITAL,8,0,8,1,0,1,0,0,0,9,0,9,Private,9440498618,2021-05-09 10:19:13
Nagarkurnool,GAYATHRI HOSPITAL,3,0,3,4,0,4,0,0,0,7,0,7,Private,8790971414,2021-05-09 14:52:40
Nagarkurnool,MAMATHA SUBBAREDDY HOSPITAL,6,0,6,0,0,0,0,0,0,6,0,6,Private,8184848169,2021-05-03 05:34:12
Nagarkurnool,MEDCURE HOSPITAL,6,6,0,1,1,0,0,0,0,7,7,0,Private,8008885999,2021-05-08 11:58:29
Nagarkurnool,PRAGATHI NURSING HOME,10,0,10,2,0,2,0,0,0,12,0,12,Private,7702039363,2021-05-01 10:09:16
Nagarkurnool,PRASHANTHI NURSING HOME,10,5,5,1,0,1,0,0,0,11,5,6,Private,9390061165,2021-04-23 12:36:25
Nagarkurnool,SAMATHA HOSPITAL,4,0,4,1,0,1,0,0,0,5,0,5,Private,9848213838,2021-05-09 14:01:46
Nagarkurnool,SHOBHA HOSPITAL,3,0,3,2,0,2,0,0,0,5,0,5,Private,9010362408,2021-04-29 02:31:25
Nagarkurnool,SREENIVASA HOSPITAL,10,0,10,0,0,0,0,0,0,10,0,10,Private,9505274814,2021-05-06 09:04:06
Nagarkurnool,SRI RAMYA HOSPITAL,5,0,5,1,0,1,0,0,0,6,0,6,Private,7702047171,2021-05-08 17:10:37
Nagarkurnool,SRI SAI HOSPITAL,6,0,6,1,0,1,0,0,0,7,0,7,Private,7386242533,2021-05-02 15:26:31
Nagarkurnool,SRI SAI HOSPITAL,3,3,0,0,0,0,0,0,0,3,3,0,Private,7386242533,2021-05-09 07:56:27
Nagarkurnool,SRI SATHYA SAI NURSING HOME,6,0,6,1,0,1,0,0,0,7,0,7,Private,9440731804,2021-05-08 23:13:39
Nagarkurnool,SRI SHIVA NURSING HOME,5,0,5,2,0,2,0,0,0,7,0,7,Private,9573535622,2021-05-09 14:04:27
Adilabad,DH UTNOOR,42,4,38,10,0,10,8,0,8,60,4,56,Government,9100157771,2021-05-09 12:03:47
Adilabad,RIMS HOSPITAL-ADILABAD,150,10,140,295,100,195,105,7,98,550,117,433,Government,9701501055,2021-05-09 14:23:42
Badradri,AH BHADRACHALAM,25,3,22,72,60,12,30,2,28,127,65,62,Government,8008553204,2021-05-09 12:43:02
Badradri,AH MANUGURU,50,6,44,50,0,50,0,0,0,100,6,94,Government,9666552288,2021-05-09 12:29:40
Badradri,AREA HOSPITAL SCCL- YELLANDU,20,0,20,10,0,10,0,0,0,30,0,30,Government,9491145022,2021-05-09 09:10:35
Badradri,DH KOTHAGUDEM,150,26,124,98,98,0,12,8,4,260,132,128,Government,9505577088,2021-05-09 14:18:12
Badradri,MAIN HOSPITAL SCCL- KOTHAGUDEM,50,40,10,111,69,42,18,18,0,179,127,52,Government,9491144722,2021-05-09 10:03:58
Badradri,YELLANDU CHC,20,0,20,30,7,23,0,0,0,50,7,43,Government,9573735259,2021-05-09 12:45:41
Hyderabad,AH GOLKONDA,50,0,50,0,0,0,0,0,0,50,0,50,Government,9440938674,2021-05-09 10:13:16
Hyderabad,AH MALAKPET,70,0,70,0,0,0,0,0,0,70,0,70,Government,9866244211,2021-05-09 11:25:35
Hyderabad,AH NAMPALLY,8,0,8,0,0,0,0,0,0,8,0,8,Government,8008553888,2021-05-09 15:29:18
Hyderabad,CHEST HOSPITAL,0,0,0,189,149,40,28,28,0,217,177,40,Government,9949216758,2021-05-09 12:29:53
Hyderabad,DISTRICT HOSPITAL - KINGKOTI,0,0,0,300,290,10,50,50,0,350,340,10,Government,8008553882,2021-05-09 12:11:11
Hyderabad,ESIC HOSPITAL(GOI),51,40,11,95,95,0,14,14,0,160,149,11,Government,7702985555,2021-05-09 09:49:38
Hyderabad,GANDHI HOSPITALS,650,0,650,600,590,10,619,619,0,1869,1209,660,Government,"9392249569, 7989085425",2021-05-09 08:56:30
Hyderabad,GOVT ENT HOSPITAL (OSM),202,0,202,0,0,0,0,0,0,202,0,202,Government,--,2021-05-08 16:02:55
Hyderabad,GOVT MENTAL CARE HOSPITAL (OSM),75,63,12,0,0,0,0,0,0,75,63,12,Government,--,2021-05-09 07:30:09
Hyderabad,MILITARY HOSPITAL - TIRUMALGERRY,210,152,58,156,133,23,25,24,1,391,309,82,Government,7889529724,2021-05-09 06:29:52
Hyderabad,NILOUFER MOTHER AND CHILD HOSPITAL-HYDERABAD,4,0,4,12,9,3,8,4,4,24,13,11,Government,9440612599,2021-05-09 11:21:46
Hyderabad,NIMS HOSPITALS,107,107,0,49,49,0,17,17,0,173,173,0,Government,9490296073,2021-05-09 12:41:41
Hyderabad,OSMANIA GENERAL HOSPITAL,0,0,0,61,46,15,200,93,107,261,139,122,Government,9849902977,2021-05-09 07:27:27
Hyderabad,RAILWAY HOSPITAL - LALAGUDA,0,0,0,170,170,0,32,32,0,202,202,0,Government,9701370514,2021-05-09 07:53:54
Hyderabad,S R R I T C D GOVT FEVER HOSPITAL,36,5,31,0,0,0,100,83,17,136,88,48,Government,9347043707,2021-05-09 06:39:18
Jagtial,AH JAGITYAL,30,1,29,40,40,0,10,10,0,80,51,29,Government,9849553737,2021-05-09 10:42:25
Jagtial,CHC METPALLY,37,5,32,10,6,4,0,0,0,47,11,36,Government,9948966077,2021-05-09 14:13:03
Jangaon,DH JANAGAM,38,18,20,30,30,0,16,8,8,84,56,28,Government,9346349960,2021-05-09 08:06:18
Jayashankar,AREA HOSPITAL SCCL- BHOOPALAPALLY,87,87,0,8,6,2,5,2,3,100,95,5,Government,9491144793,2021-05-09 08:03:27
Jayashankar,CHC CHITYAL,10,0,10,30,11,19,0,0,0,40,11,29,Government,9705462662,2021-05-09 12:53:08
Jayashankar,CHC MAHADEVPUR,10,1,9,10,4,6,0,0,0,20,5,15,Government,9491364812,2021-05-09 07:46:57
Jayashankar,DH BHUPALPALLY,80,14,66,10,0,10,0,0,0,90,14,76,Government,8639942099,2021-05-08 21:13:32
Jogulamba,AH ALAMPUR,10,0,10,0,0,0,0,0,0,10,0,10,Government,9640949141,2021-05-09 11:01:21
Jogulamba,DH GADWAL,40,40,0,50,50,0,20,0,20,110,90,20,Government,6305439971,2021-05-09 13:54:02
Kamareddy,AH BANSWADA,75,3,72,12,0,12,0,0,0,87,3,84,Government,9985708151,2021-05-09 10:53:04
Kamareddy,AH DOMAKONDA,20,0,20,2,0,2,0,0,0,22,0,22,Government,9440135380,2021-05-09 10:29:25
Kamareddy,CHC MADHNOOR,10,0,10,2,0,2,0,0,0,12,0,12,Government,9422173492,2021-05-09 12:52:48
Kamareddy,CHC YELLAREDDY,7,1,6,3,0,3,0,0,0,10,1,9,Government,9848090968,2021-05-09 09:54:47
Kamareddy,DH KAMAREDDY,30,0,30,60,21,39,31,31,0,121,52,69,Government,9848346657,2021-05-09 11:40:08
Karimnagar,DISTRICT HOSPITAL - KARIMNAGAR,61,0,61,195,191,4,33,11,22,289,202,87,Government,9441701979,2021-05-09 10:12:43
Karimnagar,HUZURABAD CHC,15,0,15,0,0,0,10,0,10,25,0,25,Government,7013873200,2021-05-09 13:25:42
Karimnagar,JAMMIKUNTA CHC,3,0,3,47,12,35,0,0,0,50,12,38,Government,8185853928,2021-05-09 15:17:25
Khammam,CHC PENUBALLI,15,0,15,0,0,0,0,0,0,15,0,15,Government,9494601892,2021-05-09 10:12:40
Khammam,CHC SATHUPALLY,16,5,11,20,9,11,0,0,0,36,14,22,Government,9848506271,2021-05-09 10:11:23
Khammam,DISTRICT HOSPITAL-KHAMMAM,20,13,7,250,192,58,50,50,0,320,255,65,Government,8008553209,2021-05-09 09:10:54
Komaram Bheem,CHC SIRPUR(T),22,0,22,4,0,4,0,0,0,26,0,26,Government,7671029978,2021-05-09 12:35:34
Komaram Bheem,DH ASIFABAD,0,0,0,60,28,32,5,0,5,65,28,37,Government,9618234484,2021-05-09 10:52:21
Mahabubabad,CHC-GUDUR,10,10,0,10,9,1,0,0,0,20,19,1,Government,9652759857,2021-05-09 11:50:20
Mahabubabad,DH MAHABUBABAD,0,0,0,28,28,0,13,12,1,41,40,1,Government,8008553175,2021-05-09 12:22:18
Mahabubnagar,CHC BADEPALLY / JADCHERLA,5,0,5,0,0,0,0,0,0,5,0,5,Government,9946637152,2021-05-08 16:17:53
Mahabubnagar,GOVT GENERAL HOSPITAL- MAHABUBNAGAR,270,28,242,170,170,0,60,40,20,500,238,262,Government,998593699379893637828333811710,2021-05-09 10:08:05
Mancherial,AREA HOSPITAL SCCL- RAMAKRISHNAPUR,80,32,48,40,40,0,16,13,3,136,85,51,Government,9491145017,2021-05-09 08:43:26
Mancherial,CHC BELLAMPALLY,21,0,21,0,0,0,0,0,0,21,0,21,Government,8019364366,2021-05-09 07:28:25
Mancherial,DISTRICT HOSPITAL - MANCHERIAL,115,7,108,2,2,0,4,0,4,121,9,112,Government,99669055909440848404,2021-05-09 13:04:52
Mancherial,SINGARENI AREA HOSPITAL,30,0,30,100,53,47,20,10,10,150,63,87,Government,99669055909440848404,2021-05-09 09:28:24
Medak,AH NARSAPUR,0,0,0,49,4,45,1,0,1,50,4,46,Government,9989800907,2021-05-09 08:05:42
Medak,CHC TOOPRAN,20,4,16,17,3,14,0,0,0,37,7,30,Government,9542273116,2021-05-09 14:14:54
Medak,DH MEDAK,40,5,35,92,25,67,8,6,2,140,36,104,Government,9440006739,2021-05-09 10:58:51
Medchal,AH MALKAJGIRI,11,11,0,10,6,4,0,0,0,21,17,4,Government,98494721916303720053,2021-05-09 13:50:24
Medchal,CHC GHATKESAR,22,0,22,10,5,5,0,0,0,32,5,27,Government,8008553861,2021-05-09 07:55:05
Mulugu,CHC ETURNAGARAM,63,61,2,32,27,5,0,0,0,95,88,7,Government,9949789769,2021-05-09 07:52:26
Mulugu,DH MULUGU,183,67,116,54,50,4,6,6,0,243,123,120,Government,9963701614,2021-05-09 15:29:50
Nagarkurnool,DH NAGARKURNOOL,0,0,0,50,44,6,0,0,0,50,44,6,Government,9959554285,2021-05-09 07:14:50
Nalgonda,AH NAGARJUNA SAGAR,40,14,26,20,2,18,0,0,0,60,16,44,Government,9912384037,2021-05-09 08:53:03
Nalgonda,AREA HOSPITAL - MIRYALGUDA,70,28,42,50,18,32,0,0,0,120,46,74,Government,9848170330,2021-05-09 12:50:45
Nalgonda,CHC DEVERAKONDA,10,10,0,10,10,0,0,0,0,20,20,0,Government,9440525406,2021-05-09 14:04:23
Nalgonda,CHC NAKKREKAL,6,0,6,2,0,2,0,0,0,8,0,8,Government,8142292229,2021-05-09 08:11:02
Nalgonda,"GOVT GENERAL HOSPTIAL, NALGONDA",200,15,185,124,124,0,56,15,41,380,154,226,Government,9494787184,2021-05-09 14:22:40
Narayanpet,DH NARAYANPET,22,22,0,60,18,42,0,0,0,82,40,42,Government,9848491330,2021-05-09 10:28:50
Nirmal,AH BHAINSA,0,0,0,25,6,19,5,0,5,30,6,24,Government,9959154158,2021-05-09 10:05:09
Nirmal,CHC KHANAPUR,32,0,32,0,0,0,0,0,0,32,0,32,Government,80085531039440693773,2021-05-09 09:38:13
Nirmal,DH NIRMAL,30,25,5,65,39,26,10,8,2,105,72,33,Government,9059745569,2021-05-09 15:12:25
Nizamabad,AH BODHAN,20,0,20,76,47,29,4,0,4,100,47,53,Government,9000957775,2021-05-09 10:37:40
Nizamabad,ARMOOR CHC,20,0,20,100,23,77,10,0,10,130,23,107,Government,7660019852,2021-05-09 07:04:51
Nizamabad,GOVERNMENT GENERAL HOSPTIAL - NIZAMABAD,131,29,102,300,292,8,90,63,27,521,384,137,Government,9440521798,2021-05-09 14:38:46
Peddapalli,AH GODAVARIKHANI / RAMAGUNDAM,0,0,0,50,20,30,0,0,0,50,20,30,Government,9849126140,2021-05-09 08:54:43
Peddapalli,AREA HOSPITAL SCCL- RAMAGUNDAM,120,34,86,38,20,18,20,0,20,178,54,124,Government,9491144960,2021-05-08 16:24:10
Peddapalli,CHC MANTHANI,28,0,28,0,0,0,0,0,0,28,0,28,Government,9494853905,2021-05-09 08:54:26
Peddapalli,DH PEDDAPALLY,0,0,0,42,21,21,0,0,0,42,21,21,Government,9949016111,2021-05-09 13:13:13
Rajanna,DH SIRCILLA,13,9,4,105,101,4,10,10,0,128,120,8,Government,9985003080,2021-05-09 08:11:02
Rangareddy,AH VANASTHALIPURAM,40,4,36,110,0,110,0,0,0,150,4,146,Government,8008553912,2021-05-09 08:47:29
Rangareddy,CHC CHEVELLA,20,0,20,0,0,0,0,0,0,20,0,20,Government,8008553862,2021-05-09 10:00:54
Rangareddy,CHC HAYATHNAGAR,16,0,16,0,0,0,0,0,0,16,0,16,Government,8008553863,2021-05-09 14:39:01
Rangareddy,CHC MAHESHWARAM,17,0,17,0,0,0,0,0,0,17,0,17,Government,9966803676,2021-05-09 11:56:18
Rangareddy,CHC RAJENDERNAGAR,4,0,4,0,0,0,0,0,0,4,0,4,Government,8008553865,2021-05-09 09:38:10
Rangareddy,CHC SHADNAGAR,6,0,6,0,0,0,0,0,0,6,0,6,Government,8328167440,2021-05-08 18:51:17
Rangareddy,DH KONDAPUR,10,0,10,62,4,58,38,23,15,110,27,83,Government,9440061197,2021-05-09 11:30:03
